file,nasa_id,topic,low_texture,earliest_date,exif_capture_date,sha256,width,height,rendition,source_url,file_url,author,licence,licence_url,title,nasa_description,access_date
A01_KSC-2013-2815.jpg,KSC-2013-2815,weather,no,2013-06-17,2013-06-17T00:00:00,9797054b3b33983aa4b0bcab39f6400f75985df70fddc98a78abcbbb48391ad2,3000,2000,original,https://images.nasa.gov/details/KSC-2013-2815,https://images-assets.nasa.gov/image/KSC-2013-2815/KSC-2013-2815~orig.jpg,NASA Kennedy Space Center; NASA/Jim Grossmann,"Public domain: NASA media, not subject to copyright in the United States",https://www.nasa.gov/nasa-brand-center/images-and-media/,KSC-2013-2815,"CAPE CANAVERAL, Fla. -- An ominous storm cloud hovers over Launch Complex 39 at NASA's Kennedy Space Center in Florida. The massive, 525-foot-tall facility at left is the Vehicle Assembly Building. Florida summers are known for their dynamic weather patterns with the start of the Atlantic hurricane season and the onset of afternoon thunderstorms that bring with them heavy rain, frequent lightning and occasionally even tornadoes. Photo credit: NASA/Jim Grossmann",2026-09-27
A02_KSC-2011-2584.jpg,KSC-2011-2584,weather,no,2011-03-31,2011-03-31T00:00:00,8d7424635c1eb4c015c72becfb04217e303b9da43215678b105777b08882b958,3000,1996,original,https://images.nasa.gov/details/KSC-2011-2584,https://images-assets.nasa.gov/image/KSC-2011-2584/KSC-2011-2584~orig.jpg,NASA Kennedy Space Center; NASA/Kim Shiflett,"Public domain: NASA media, not subject to copyright in the United States",https://www.nasa.gov/nasa-brand-center/images-and-media/,KSC-2011-2584,"CAPE CANAVERAL, Fla. – At NASA's Kennedy Space Center in Florida, an ominous thunderstorm cloud hovers over the Vehicle Assembly Building in the Launch Complex 39 area. Severe storms associated with a frontal system are moving through Central Florida, producing strong winds, heavy rain, frequent lightning and even funnel clouds. Photo credit: NASA/Kim Shiflett",2026-09-27
A03_KSC-2009-5073.jpg,KSC-2009-5073,weather,no,2009-09-10,2009-09-10T00:00:00,1937e2e9ab1ed67246456467e635e54e6bf41012e66bedf56265157ca1a5bb04,3000,2008,original,https://images.nasa.gov/details/KSC-2009-5073,https://images-assets.nasa.gov/image/KSC-2009-5073/KSC-2009-5073~orig.jpg,NASA Kennedy Space Center; NASA/Jim Grossmann,"Public domain: NASA media, not subject to copyright in the United States",https://www.nasa.gov/nasa-brand-center/images-and-media/,KSC-2009-5073,"CAPE CANAVERAL, Fla. – Between rain showers over NASA's Kennedy Space Center in Florida, a rainbow breaks through the clouds behind the Vehicle Assembly Building. Rain and thunderstorms caused the waveoff of two landing opportunities Sept. 10 for space shuttle Discovery's return to Earth from the STS-128 mission. Photo credit: NASA/Jim Grossmann",2026-09-27
A04_KSC-2014-4413.jpg,KSC-2014-4413,weather,no,2014-11-11,2014-11-11T00:00:00,2cd183f7e16bf11f84b2283fa045a1d28ef716caffdbb9f5bd51b8f9d91bd32e,3000,2000,original,https://images.nasa.gov/details/KSC-2014-4413,https://images-assets.nasa.gov/image/KSC-2014-4413/KSC-2014-4413~orig.jpg,NASA Kennedy Space Center; NASA/Kim Shiflett,"Public domain: NASA media, not subject to copyright in the United States",https://www.nasa.gov/nasa-brand-center/images-and-media/,KSC-2014-4413,"CAPE CANAVERAL, Fla. – As rain showers dissipate, a rainbow appeared over the Kennedy Space Center's Press Site and turn basin. In the background is the historic countdown clock. For more information, visit http://www.nasa.gov/kennedy Photo credit: NASA/Kim Shiflett",2026-09-27
A05_KSC-2010-4566.jpg,KSC-2010-4566,weather,no,2010-09-07,2010-09-07T00:00:00,0d0e8163c82144c08801d5f918484781897f24b2781abb4b4355ab8f91bedb3a,3000,2000,original,https://images.nasa.gov/details/KSC-2010-4566,https://images-assets.nasa.gov/image/KSC-2010-4566/KSC-2010-4566~orig.jpg,NASA Kennedy Space Center; NASA/Jack Pfaller,"Public domain: NASA media, not subject to copyright in the United States",https://www.nasa.gov/nasa-brand-center/images-and-media/,KSC-2010-4566,"CAPE CANAVERAL, Fla. -- As the sun was rising over NASA's Kennedy Space Center in Florida, an early morning rain shower caused a meteorological and optical rainbow show over the Headquarters building. Florida's Space Coast often is the scene of showers and thunderstorms during the summer months. Photo credit: NASA/Jack Pfaller",2026-09-27
A06_KSC-08pd2424.jpg,KSC-08pd2424,weather,no,2008-08-21,2008-08-21T00:00:00,d7a148c80c6e3266667e3dc7d2901bd650bd4b8eb56564d97434c66f5fe2bf2e,3000,1999,original,https://images.nasa.gov/details/KSC-08pd2424,https://images-assets.nasa.gov/image/KSC-08pd2424/KSC-08pd2424~orig.jpg,NASA Kennedy Space Center; NASA/Jack Pfaller,"Public domain: NASA media, not subject to copyright in the United States",https://www.nasa.gov/nasa-brand-center/images-and-media/,KSC-08pd2424,"CAPE CANAVERAL, Fla. – Wind and rain from Tropical Storm Fay pummel the area near the Vehicle Assembly Building at NASA's Kennedy Space Center. The storm passed over the center Aug. 20 and then stalled offshore, bringing with it heavy rain and tropical storm force wind. Kennedy closed Aug. 19 because of Fay and reopened for normal operations Aug. 22. Based on initial assessments, there was no damage to space flight hardware, such as the space shuttles and Hubble Space Telescope equipment. Some facilities did sustain minor damage. Photo credit: NASA/Jack Pfaller",2026-09-27
A07_ast-01-042.jpg,ast-01-042,weather,no,1975-07-16,,1fe11c3d023903b8f98f6932f2e3677b287fd69125aaf0362cb78780bb31360f,4096,4134,original,https://images.nasa.gov/details/ast-01-042,https://images-assets.nasa.gov/image/ast-01-042/ast-01-042~orig.jpg,NASA Johnson Space Center,"Public domain: NASA media, not subject to copyright in the United States",https://www.nasa.gov/nasa-brand-center/images-and-media/,Oblique view of cloud patterns over Pacific Ocean,"AST-01-042 (16 July 1975) --- An oblique view of unique cloud patterns over the Pacific Ocean caused by aircraft contrail shadows altering cumulus clouds and forming straight line clouds, as photographed from the Apollo spacecraft in Earth orbit during the joint U.S.-USSR Apollo-Soyuz Test Project mission. This area is southwest of Los Angeles, California. This photograph was taken at an altitude of 177 kilometers (110 statute miles) with a 70mm Hasselblad camera using medium-speed Ektachrome QX-807 type film.",2026-09-27
A08_s31-77-078.jpg,s31-77-078,weather,no,1990-04-29,,e950b71de9fcc6abb1fb605720dd060608cd8224db27dd59f90c73d0e87fe7c2,5699,5699,original,https://images.nasa.gov/details/s31-77-078,https://images-assets.nasa.gov/image/s31-77-078/s31-77-078~orig.jpg,NASA Johnson Space Center,"Public domain: NASA media, not subject to copyright in the United States",https://www.nasa.gov/nasa-brand-center/images-and-media/,"Thunderstorm, Texas Gulf Coast, USA","This thunderstorm along the Texas Gulf Coast (29.0N, 95.0W), USA is seen as the trailing edge of a large cloud mass formed along the leading edge of a spring frontal system stretching northwest to southeast across the Texas Gulf Coast. This system brought extensive severe weather and flooding to parts of Texas and surrounding states. Muddy water discharging from coastal streams can be seen in the shallow Gulf of Mexico as far south as Lavaca Bay.",2026-09-27
A09_KSC-2009-1010.jpg,KSC-2009-1010,weather,yes,2009-01-05,2009-01-05T00:00:00,0481cbd7ae05f0c04b5d338353cfc86d177719ad5cdb4ccaa785a37630f6d330,2008,3000,original,https://images.nasa.gov/details/KSC-2009-1010,https://images-assets.nasa.gov/image/KSC-2009-1010/KSC-2009-1010~orig.jpg,NASA Kennedy Space Center; NASA/Jack Pfaller,"Public domain: NASA media, not subject to copyright in the United States",https://www.nasa.gov/nasa-brand-center/images-and-media/,KSC-2009-1010,"CAPE CANAVERAL, Fla. – Fog envelops the Cape Canaveral Lighthouse that has graced Cape Canaveral's shore for more than 100 years under the stewardship of the U.S. Air Force. The center shares a boundary with the refuge that includes salt-water estuaries, brackish marshes, hardwood hammocks and pine flatwoods. The diverse landscape provides habitat for more than 310 species of birds, 25 mammals, 117 fishes and 65 amphibians and reptiles. Photo credit: NASA/Jack Pfaller",2026-09-27
A10_KSC-2009-6804.jpg,KSC-2009-6804,weather,yes,2009-12-14,2009-12-14T00:00:00,7228979944fe31ae39fcc499fa76bd875f887c1b85a070301bee4eea5ca0d03f,3000,2000,original,https://images.nasa.gov/details/KSC-2009-6804,https://images-assets.nasa.gov/image/KSC-2009-6804/KSC-2009-6804~orig.jpg,NASA Kennedy Space Center; NASA/Jack Pfaller,"Public domain: NASA media, not subject to copyright in the United States",https://www.nasa.gov/nasa-brand-center/images-and-media/,KSC-2009-6804,"CAPE CANAVERAL, Fla. – Dense fog engulfs Launch Complex 39 at NASA's Kennedy Space Center in Florida, obscuring the view of the 525-foot-tall Vehicle Assembly Building. The fog pushed onshore from the Atlantic Ocean for the second time in one day to create atypical conditions on this humid December afternoon. Space Shuttle Endeavour currently is in the VAB's High Bay 1 where it is being attached to its external fuel tank and solid rocket boosters in preparation for its targeted launch in early February 2010. Photo credit: NASA/Jack Pfaller",2026-09-27
A11_KSC-2009-1011.jpg,KSC-2009-1011,weather,yes,2009-01-05,2009-01-05T00:00:00,e63226c32c41b38fbfbb96d1d72df433d6317940f674eb608107e2d43e7a0703,2008,3000,original,https://images.nasa.gov/details/KSC-2009-1011,https://images-assets.nasa.gov/image/KSC-2009-1011/KSC-2009-1011~orig.jpg,NASA Kennedy Space Center; NASA/Jack Pfaller,"Public domain: NASA media, not subject to copyright in the United States",https://www.nasa.gov/nasa-brand-center/images-and-media/,KSC-2009-1011,"CAPE CANAVERAL, Fla. – Sunrise casts an orange glow over the wooded landscape surrounding NASA's Kennedy Space Center in Florida. The center shares a boundary with the Merritt Island National Wildlife Refuge that includes salt-water estuaries, brackish marshes, hardwood hammocks and pine flatwoods. The diverse landscape provides habitat for more than 310 species of birds, 25 mammals, 117 fishes and 65 amphibians and reptiles. Photo credit: NASA/Jack Pfaller",2026-09-27
A12_KSC-08pd2426.jpg,KSC-08pd2426,weather,yes,2008-08-21,2008-08-21T00:00:00,39d00725550857ba9024fcf2b58ac05ca9f4a73baf1efc8006581623107e4225,2008,3000,original,https://images.nasa.gov/details/KSC-08pd2426,https://images-assets.nasa.gov/image/KSC-08pd2426/KSC-08pd2426~orig.jpg,NASA Kennedy Space Center; NASA/Jack Pfaller,"Public domain: NASA media, not subject to copyright in the United States",https://www.nasa.gov/nasa-brand-center/images-and-media/,KSC-08pd2426,"CAPE CANAVERAL, Fla. – The large windows of a building at NASA's Kennedy Space Center are covered by plywood and sandbags to protect against the wind and rain driven by Tropical Storm Fay. The storm passed over the center Aug. 20 and then stalled offshore, bringing with it heavy rain and tropical storm force wind. Kennedy closed Aug. 19 because of Fay and reopened for normal operations Aug. 22. Based on initial assessments, there was no damage to space flight hardware, such as the space shuttles and Hubble Space Telescope equipment. Some facilities did sustain minor damage. Photo credit: NASA/Jack Pfaller",2026-09-27
A13_S77-28200.jpg,S77-28200,transport,no,1977-09-13,,fb7cd24bb01848391525efee223b39593aff5e00d810c11f7a12da0f6aea7e66,3408,3408,original,https://images.nasa.gov/details/S77-28200,https://images-assets.nasa.gov/image/S77-28200/S77-28200~orig.jpg,NASA Johnson Space Center,"Public domain: NASA media, not subject to copyright in the United States",https://www.nasa.gov/nasa-brand-center/images-and-media/,"NASA 747 Carrier Aircraft - Five (5) T-38 Aircraft - Shuttle Orbiter 101 ""Enterprise"" - Edwards AFB (EAFB), CA","S77-28200 (13 Sept 1977) --- This impressive scene was photographed when the NASA 747 carrier aircraft and five T-38 aircraft flew over the shuttle Orbiter 101 ""Enterprise"" while it was parked on the runway at Edwards Air Force Base in Southern California. The Orbiter 101 had just completed a five-minute, 28-second unpowered mission during the second free flight of the Shuttle Approach and Landing Tests (ALT) conducted September 13, 1977, at the Dryden Flight Research Center.",2026-09-27
A14_KSC-98PC-632.jpg,KSC-98PC-632,transport,no,1998-05-19,1998-05-19T00:00:00,67bea6ceae5e721bbbb7e6e4785163935804f959cfba764250d2a82e118c546e,3000,2010,original,https://images.nasa.gov/details/KSC-98PC-632,https://images-assets.nasa.gov/image/KSC-98PC-632/KSC-98PC-632~orig.jpg,NASA Kennedy Space Center; NASA,"Public domain: NASA media, not subject to copyright in the United States",https://www.nasa.gov/nasa-brand-center/images-and-media/,KSC-98PC-632,"A NASA railroad train moves past Launch Pad 39A at NASA's Kennedy Space Center in Florida. The space agency utilizes railroad operations to not only move equipment at Kennedy, but to transport hardware to and from contractor facilities across the nation. Photo credit: NASA",2026-09-27
A15_KSC-98PC-572.jpg,KSC-98PC-572,transport,no,1998-04-29,1998-04-29T00:00:00,909a66a6b1d30556d530e0f517de64cb044a9ba8a73f70f96a4bd9a601f8537f,3000,2020,original,https://images.nasa.gov/details/KSC-98PC-572,https://images-assets.nasa.gov/image/KSC-98PC-572/KSC-98PC-572~orig.jpg,NASA Kennedy Space Center; NASA,"Public domain: NASA media, not subject to copyright in the United States",https://www.nasa.gov/nasa-brand-center/images-and-media/,KSC-98PC-572,"CAPE CANAVERAL, Fla. – A NASA railroad train moves along the track at NASA's Kennedy Space Center in Florida. The space agency utilizes railroad operations to not only move equipment at Kennedy, but to transport hardware to and from contractor facilities across the nation. Photo credit: NASA",2026-09-27
A16_KSC01PD-1615.jpg,KSC01PD-1615,transport,no,2001-02-08,2001-02-08T00:00:00,328e4ceeb4d8c719f496209e4673984dfc589323c149c074b2e0789e03a0b8e6,3000,2100,original,https://images.nasa.gov/details/KSC01PD-1615,https://images-assets.nasa.gov/image/KSC01PD-1615/KSC01PD-1615~orig.jpg,NASA Kennedy Space Center; NASA,"Public domain: NASA media, not subject to copyright in the United States",https://www.nasa.gov/nasa-brand-center/images-and-media/,KSC01PD-1615,"CAPE CANAVERAL, Fla. – A NASA railroad locomotive at the Kennedy Space Center in Florida is part of the space agency's railroad operation to not only move equipment at Kennedy, but to transport hardware to and from contractor facilities across the nation. Photo credit: NASA",2026-09-27
A17_KSC-98PC-629.jpg,KSC-98PC-629,transport,no,1998-05-19,1998-05-19T00:00:00,41bb875b3cb492628a0edeed1508d47c00be46a65b03a3db93e1bfd37108550d,3000,2020,original,https://images.nasa.gov/details/KSC-98PC-629,https://images-assets.nasa.gov/image/KSC-98PC-629/KSC-98PC-629~orig.jpg,NASA Kennedy Space Center; NASA,"Public domain: NASA media, not subject to copyright in the United States",https://www.nasa.gov/nasa-brand-center/images-and-media/,KSC-98PC-629,"A NASA railroad train moves past Launch Pad 39A at NASA's Kennedy Space Center in Florida. The space agency utilizes railroad operations to not only move equipment at Kennedy, but to transport hardware to and from contractor facilities across the nation. Photo credit: NASA",2026-09-27
A18_S89-33292.jpg,S89-33292,transport,no,1989-05-01,,cfbb1cb0572ada2b617d48f2e2ede0bb92e4430df7dc25762e6449f3e132d830,2614,4015,original,https://images.nasa.gov/details/S89-33292,https://images-assets.nasa.gov/image/S89-33292/S89-33292~orig.jpg,NASA Johnson Space Center,"Public domain: NASA media, not subject to copyright in the United States",https://www.nasa.gov/nasa-brand-center/images-and-media/,JSC/NASA aircraft operations at Ellington Field,JSC/NASA aircraft operations at Ellington Field. T-38 aircraft are lined up on the parking apron. The KC-135 (NASA 930) Weightless environment trainer is taking off in the middle ground.,2026-09-27
A19_S82-28715.jpg,S82-28715,transport,no,1982-03-22,,7d429a21a2f70ae65ac6b9fd5fdfb8caea32ea109e17d93c03ba2f281a2a14c4,4137,2781,original,https://images.nasa.gov/details/S82-28715,https://images-assets.nasa.gov/image/S82-28715/S82-28715~orig.jpg,NASA Johnson Space Center,"Public domain: NASA media, not subject to copyright in the United States",https://www.nasa.gov/nasa-brand-center/images-and-media/,LAUNCH (AERIALS) - STS-3 - KSC,"Air-to-air views of STS-3 Launch from T-38 Chase Aircraft. KSC, FL",2026-09-27
A20_S62-09048.jpg,S62-09048,transport,no,1962-01-01,,ffe5c07c3ae61ea3b1450c8d3bf892d1eb208b733f5c397bec617159027a5f1d,3000,2392,original,https://images.nasa.gov/details/S62-09048,https://images-assets.nasa.gov/image/S62-09048/S62-09048~orig.jpg,NASA Johnson Space Center; NASA,"Public domain: NASA media, not subject to copyright in the United States",https://www.nasa.gov/nasa-brand-center/images-and-media/,"Aerial view of the U.S.S. Kearsarge, recovery ship for the Mercury-Atlas 8 mission.","S62-09048 (3 Oct. 1962) --- Aerial view of the USS Kearsarge, recovery ship for the Mercury-Atlas 8 mission. Photo credit: NASA",2026-09-27
A21_S89-51980.jpg,S89-51980,transport,yes,1989-11-28,,281ba3ba869b4e823f68ebaffd290d7f180a730b7021cc3c0e81d7dcb3fbfb54,8268,6524,original,https://images.nasa.gov/details/S89-51980,https://images-assets.nasa.gov/image/S89-51980/S89-51980~orig.jpg,NASA Johnson Space Center,"Public domain: NASA media, not subject to copyright in the United States",https://www.nasa.gov/nasa-brand-center/images-and-media/,"STS-32 Columbia, OV-102, rolls through the foggy mist to KSC LC Pad 39A","STS-32 Columbia, Orbiter Vehicle (OV) 102, rolls through the morning's foggy mist atop the mobile launcher platform and crawler transporter to Kennedy Space Center (KSC) Launch Complex (LC) Pad 39A. OV-102's wings appear on either side of the two solid rocket boosters (SRBs) and external tank (ET). Rollout from the Vehicle Assembly Building (VAB) began at 2:32 am Eastern Standard Time (EST), and OV-102 was on the pad pedestals about 8 hours later. This marks the first time a Space Shuttle has been at LC Pad 39A since 01-12-85 when OV-102 was launched on mission 61C. View provided by KSC with alternate number KSC-89PC-1259.",2026-09-27
A22_KSC-2009-2111.jpg,KSC-2009-2111,animals,no,2009-03-03,2009-03-03T00:00:00,b3cd4e93b53fa33108ce7f84d06033906b5323640d3a1c913a6564e6c464c478,3000,2043,original,https://images.nasa.gov/details/KSC-2009-2111,https://images-assets.nasa.gov/image/KSC-2009-2111/KSC-2009-2111~orig.jpg,NASA Kennedy Space Center; NASA/Ben Smegelsky,"Public domain: NASA media, not subject to copyright in the United States",https://www.nasa.gov/nasa-brand-center/images-and-media/,KSC-2009-2111,"CAPE CANAVERAL, Fla. – – At NASA's Kennedy Space Center in Florida, adult wild pigs line up for their food hunt in the grassy field The wild pigs have flourished in the environs around Kennedy, which shares a border with the Merritt Island National Wildlife Refuge, without many predators other than panthers and humans. Pigs were introduced to Florida in the 1500s and are now found statewide in wooded areas close to water. Pigs are omnivores, foraging on the ground and rooting just beneath the surface, which damages the groundcover. Wild pigs eat almost anything that has nutritional value, including tubers, roots, shoots, acorns, fruits, berries, earthworms, amphibians, reptiles and rodents. Their appearance is similar to domestic hogs, but leaner, with a longer, narrower head and a coarser, denser coat. Females may have two litters per year. The piglets are weaned in a few weeks but remain with the mother for several months. Photo credit: NASA/Ben Smegelsky",2026-09-27
A23_KSC-07pd0148.jpg,KSC-07pd0148,animals,no,2007-01-19,2007-01-19T00:00:00,bbbf38c7bd57dcf1340d451a22f16a95e75f99844629524d53cb0be63ae97f78,3000,1993,original,https://images.nasa.gov/details/KSC-07pd0148,https://images-assets.nasa.gov/image/KSC-07pd0148/KSC-07pd0148~orig.jpg,NASA Kennedy Space Center; NASA/Ken Thornsley,"Public domain: NASA media, not subject to copyright in the United States",https://www.nasa.gov/nasa-brand-center/images-and-media/,KSC-07pd0148,"KENNEDY SPACE CENTER, FLA. -- Seen at NASA's Kennedy Space Center, this nine-banded armadillo may be looking for food. Introduced to Florida in the early 1900's, this species is found statewide in areas with dense ground cover and sandy soil. Nine bands of plates cover the body from shoulder to hip and 12 bands cover the long tail. It has a small, tapered head and snout and a long tongue. Its ears are long and hairless. It has sparse white hairs on its belly. Its diet is composed of insects, especially beetles, and other invertebrates plus some plant foods such as cedars and beautyberries. It is primarily nocturnal, sedentary, solitary and a burrower. It digs a series of dens. The multiple entrances are usually protected by stumps, palmettos, or trees. Many other animals also use armadillo dens. KSC shares a boundary with the Merritt Island Wildlife Nature Refuge. The refuge is a habitat for more than 310 species of birds, 25 mammals, 117 fishes and 65 amphibians and reptiles. In addition, the Refuge supports 19 endangered or threatened wildlife species on Federal or State lists, more than any other single refuge in the U.S. Photo credit: NASA/Ken Thornsley",2026-09-27
A24_KSC-2009-2848.jpg,KSC-2009-2848,animals,no,2009-04-20,2009-04-20T00:00:00,acdc3a8bd32075c2212324b5b07474d61e18dfe53e7bc02ad68cb9d173fc29ef,2000,3000,original,https://images.nasa.gov/details/KSC-2009-2848,https://images-assets.nasa.gov/image/KSC-2009-2848/KSC-2009-2848~orig.jpg,NASA Kennedy Space Center; NASA/Dimitri Gerondidakis,"Public domain: NASA media, not subject to copyright in the United States",https://www.nasa.gov/nasa-brand-center/images-and-media/,KSC-2009-2848,"CAPE CANAVERAL, Fla. –– Snowy egrets gather in water on NASA's Kennedy Space Center in Florida. They are distinguished by their slim black beaks, black legs and yellow feet. These egrets inhabit salt marshes, ponds, rice fields and shallow coastal bays. The center shares a boundary with the Merritt Island Wildlife Nature Refuge, which is a habitat for more than 310 species of birds, 25 mammals, 117 fishes and 65 amphibians and reptiles. Photo credit: NASA/Dimitri Gerondidakis",2026-09-27
A25_KSC-2009-2846.jpg,KSC-2009-2846,animals,no,2009-04-20,2009-04-20T00:00:00,b7a7b00ca69985de7e15868ebfd691b0c27c3efee0e8b41803f87e460b515cea,3000,2000,original,https://images.nasa.gov/details/KSC-2009-2846,https://images-assets.nasa.gov/image/KSC-2009-2846/KSC-2009-2846~orig.jpg,NASA Kennedy Space Center; NASA/Dimitri Gerondidakis,"Public domain: NASA media, not subject to copyright in the United States",https://www.nasa.gov/nasa-brand-center/images-and-media/,KSC-2009-2846,"CAPE CANAVERAL, Fla. –– The scarlet-feathered roseate spoonbill wades through water on NASA's Kennedy Space Center in Florida. Spoonbills inhabit areas of mangrove such as on the coasts of southern Florida and Texas. These birds feed on shrimps and fish in the shallow water, sweeping their bills from side to side. This and other wildlife abound throughout Kennedy as the center shares a boundary with the Merritt Island National Wildlife Refuge. Photo credit: NASA/Dimitri Gerondidakis",2026-09-27
A26_KSC-2009-1911.jpg,KSC-2009-1911,animals,no,2009-02-27,2009-02-27T00:00:00,b99b492c27ecf861cc021532d3eeba50adf7cefe00c1ceb9d9bcfd94ef33c70e,3000,2008,original,https://images.nasa.gov/details/KSC-2009-1911,https://images-assets.nasa.gov/image/KSC-2009-1911/KSC-2009-1911~orig.jpg,NASA Kennedy Space Center; NASA/Ben Smegelsky,"Public domain: NASA media, not subject to copyright in the United States",https://www.nasa.gov/nasa-brand-center/images-and-media/,KSC-2009-1911,"CAPE CANAVERAL, Fla. – Close-up of a Florida scrub jay in the woods near NASA's Kennedy Space Center in Florida. As the name implies, the Florida scrub jay thrives in a scrub, which is an extremely dry habitat. Their ideal environment is a relatively open flatwoods of oak or sand pine scrub with trees less than 10 feet tall, wide apart and providing minimal canopy cover. The last recorded population count of Florida scrub jays is just a little over 2,000, mostly located at Kennedy but also in some scattered scrubs all over central and southern Florida. Photo credit: NASA/Ben Smegelsky",2026-09-27
A27_KSC-07pd3143.jpg,KSC-07pd3143,animals,no,2007-11-06,2007-11-06T00:00:00,d9942d0ffe0460696d88b0126609c3ced5b1546a353290661810f9fa6283e969,3000,2008,original,https://images.nasa.gov/details/KSC-07pd3143,https://images-assets.nasa.gov/image/KSC-07pd3143/KSC-07pd3143~orig.jpg,NASA Kennedy Space Center; NASA/George Shelton,"Public domain: NASA media, not subject to copyright in the United States",https://www.nasa.gov/nasa-brand-center/images-and-media/,KSC-07pd3143,"KENNEDY SPACE CENTER, FLA. -- A dolphin surfaces in the Launch Complex 39 Area turn basin at NASA's Kennedy Space Center. The turn basin was carved out of the Banana River when Kennedy Space Center was built. Dolphins frequent bays and coastlines, usually in depths under 20 meters. While some pods take up permanent residence and establish home waters, others are migratory and swim considerable distances from coast to coast. Dolphins are a frequent sight in the rivers around Kennedy, which shares a boundary with the Merritt Island Wildlife Nature Refuge. Photo credit: NASA/George Shelton",2026-09-27
A28_KSC-2010-5875.jpg,KSC-2010-5875,animals,no,2010-12-17,2010-12-17T00:00:00,f948e9a118f30393498385248b0f5338c7d8d25f0d9eda4da92a199326e3a0a0,3000,2000,original,https://images.nasa.gov/details/KSC-2010-5875,https://images-assets.nasa.gov/image/KSC-2010-5875/KSC-2010-5875~orig.jpg,NASA Kennedy Space Center; NASA/Frank Michaux,"Public domain: NASA media, not subject to copyright in the United States",https://www.nasa.gov/nasa-brand-center/images-and-media/,KSC-2010-5875,"CAPE CANAVERAL, Fla. -- A wood stork eats breakfast while wading in brackish water at NASA's Kennedy Space Center in Florida around dawn. In 1984, the U.S. Fish and Wildlife Service declared the wood stork an endangered species. Kennedy coexists with the Merritt Island National Wildlife Refuge, habitat to more than 310 species of birds, 25 mammals, 117 fish and 65 amphibians and reptiles. Photo credit: NASA/Frank Michaux",2026-09-27
A29_KSC-02pd0542.jpg,KSC-02pd0542,animals,no,2002-04-19,2002-04-19T00:00:00,28a8fded083375b6e9128e0c3ff2fcd3245d4417eb0e7565f2be12ab5728f2a1,3000,2097,original,https://images.nasa.gov/details/KSC-02pd0542,https://images-assets.nasa.gov/image/KSC-02pd0542/KSC-02pd0542~orig.jpg,NASA Kennedy Space Center,"Public domain: NASA media, not subject to copyright in the United States",https://www.nasa.gov/nasa-brand-center/images-and-media/,KSC-02pd0542,"KENNEDY SPACE CENTER, FLA. -- A raccoon keeps an eye on the photographer who spotted him among the tall grasses near KSC. The nocturnal creatures are abundant in the area but usually not seen in the daytime except when breeding or caring for their young. They are most common along wooded streams.",2026-09-27
A30_KSC-2011-2639.jpg,KSC-2011-2639,weather,yes,2011-03-31,2011-03-31T00:00:00,2f8f3742a46cbd51e9f1d0c5942cbc599581da9d2a5504f6b4f92cb80d4d1991,2000,3000,original,https://images.nasa.gov/details/KSC-2011-2639,https://images-assets.nasa.gov/image/KSC-2011-2639/KSC-2011-2639~orig.jpg,NASA Kennedy Space Center; NASA/Ben Smegelsky,"Public domain: NASA media, not subject to copyright in the United States",https://www.nasa.gov/nasa-brand-center/images-and-media/,KSC-2011-2639,"CAPE CANAVERAL, Fla. – A Bald Eagle takes advantage of a break in rain and perches on a tree at NASA's Kennedy Space Center in Florida. Severe storms associated with a frontal system are moving through Central Florida, producing strong winds, heavy rain, frequent lightning and even funnel clouds. Photo credit: NASA/Ben Smegelsky",2026-09-27
A31_KSC-2009-3155.jpg,KSC-2009-3155,animals,yes,2009-04-28,2009-04-28T00:00:00,4ef66ab79ab3d5497bc9bdac29c4f4ded1473a656e693648c34d0780ff93a989,3008,2000,original,https://images.nasa.gov/details/KSC-2009-3155,https://images-assets.nasa.gov/image/KSC-2009-3155/KSC-2009-3155~orig.jpg,NASA Kennedy Space Center; NASA/Ben Smegelsky,"Public domain: NASA media, not subject to copyright in the United States",https://www.nasa.gov/nasa-brand-center/images-and-media/,KSC-2009-3155,"CAPE CANAVERAL, Fla. – The beauty of the wood stork in flight is captured against the intense blue Florida sky over NASA's Kennedy Space Center in Florida. This is a young stork, still showing its yellow beak. Wood storks are found primarily in Florida, wandering to South Carolina and Texas, preferring cypress and mangrove swamps. Kennedy shares a boundary with the Merritt Island National Wildlife Refuge, which is a habitat for more than 310 species of birds, 25 mammals, 117 fishes and 65 amphibians and reptiles. Photo credit: NASA/Ben Smegelsky",2026-09-27
A32_sts054-152-189.jpg,sts054-152-189,landscapes,no,1993-01-19,,8c16dbb32d799376a37bdd9a58f188fe7505298d8647ec3ce081f785a42192e0,3673,4703,original,https://images.nasa.gov/details/sts054-152-189,https://images-assets.nasa.gov/image/sts054-152-189/sts054-152-189~orig.jpg,NASA Johnson Space Center,"Public domain: NASA media, not subject to copyright in the United States",https://www.nasa.gov/nasa-brand-center/images-and-media/,"Murzuk Sand Sea, Sahara Desert, Libya, Africa","STS054-152-189 (13-19 Jan. 1993) --- This near-vertical color photograph shows the very diverse landscape that is part of the great Sahara Desert of north Africa. Specifically, the vast expanse of sand dunes, located in the extreme southwestern corner of Libya, is known as the Murzuk Sand Sea. Close inspection of this photograph shows the agricultural village of Murzuk as evidenced by the numerous center pivot irrigation patterns at the edge of the Murzuk Sand Sea. The very rugged, dissected terrain to the west of this sand sea is the eastern tip of the Tassili N'ajjer Mountains and the Tadrart Plateau that are in neighboring Algeria. Several smaller areas of sand dunes are interspersed between the major areas of rock outcrops. The photograph was taken with a Linhof camera.",2026-09-27
A33_sts068-220-033.jpg,sts068-220-033,landscapes,no,1994-09-30,,85885aa1de048dbafaaaf5e3f30cf00877c83b74dfb7b7ac23e7314054d7a6ec,4095,4095,original,https://images.nasa.gov/details/sts068-220-033,https://images-assets.nasa.gov/image/sts068-220-033/sts068-220-033~orig.jpg,NASA Johnson Space Center,"Public domain: NASA media, not subject to copyright in the United States",https://www.nasa.gov/nasa-brand-center/images-and-media/,"Yellow River, China","STS068-220-033 (30 September-11 October 1994) --- Photographed through the Space Shuttle Endeavour's flight deck windows, this 70mm frame shows a small section of China's Yellow River (Huang Ho) highlighted by sunglint reflection off the surface of the water. The river flows northeastward toward the village of Tung-lin-tzu. The low dissected mountains that cover more than half of this scene rise some 2,000 feet (on the average) above the valley floor. A major east-west transportation corridor (both railway and automobile) is observed traversing the landscape north of the river. This entire region is considered to be part of the Ordos Desert, actually part of the greater Gobi located just north of this area. Approximate center coordinates of this scene are 37.5 degrees north latitude and 105.0 degrees east longitude.",2026-09-27
A34_SL2-04-018.jpg,SL2-04-018,landscapes,no,1973-06-22,,31b9f70bb53d6bf4fe3ec2ca8c1505e128e0796580936c3cf95263130a742c4b,5715,5859,original,https://images.nasa.gov/details/SL2-04-018,https://images-assets.nasa.gov/image/SL2-04-018/SL2-04-018~orig.jpg,NASA Johnson Space Center; NASA,"Public domain: NASA media, not subject to copyright in the United States",https://www.nasa.gov/nasa-brand-center/images-and-media/,"Lake Powell, Colorado River, Utah and Grand Canyon, Arizona","SL2-04-018 (June 1973) --- A vertical view of the Arizona-Utah border area showing the Colorado River and Grand Canyon photographed from the Skylab 1/2 space station in Earth orbit. This picture was taken by one of the six lenses of the Itek-furnished S190-A Multispectral Photographic Facility Experiment in the Multiple Docking Adapter of the space station. Type S0-356 film was used. The row of white clouds extend north-south over the dark colored Kaibab Plateau. The junction of the Colorado and Little Colorado rivers is in the southwest corner of the picture. The body of water is Lake Powell on the Colorado River upstream from the Grand Canyon. The lone peak at the eastern edge of the photograph south of Colorado River is the 10,416-foot Navajo Mountain. The S190-A experiment is part of the Skylab Earth Resources Experiments Package(EREP). Photo credit: NASA",2026-09-27
A35_s36-81-054.jpg,s36-81-054,landscapes,no,1990-03-04,,b36f185bcbbb2c91363cdbbf6b38f84e749171de3d05dab42c87413e8ffbc1d2,4112,4178,original,https://images.nasa.gov/details/s36-81-054,https://images-assets.nasa.gov/image/s36-81-054/s36-81-054~orig.jpg,NASA Johnson Space Center,"Public domain: NASA media, not subject to copyright in the United States",https://www.nasa.gov/nasa-brand-center/images-and-media/,"Great Salt Lake, Utah, USA","As seen from space, the Great Salt Lake, Utah, USA (41.5N, 112.5W) appears as two separate bodies of water with a narrow divider in the middle. At the turn of the century, a railroad bridge without culverts, was built across the lake and ever since, the water and salinity levels have been uneqal on either side. Fed by snowmelt from the nearby Wasatch Mountains, the lake in recent years has had record high water levels, threatening to flood the local areas.",2026-09-27
A36_ast-30-2601.jpg,ast-30-2601,landscapes,no,1975-07-20,,c2e83dafbbab460e9e2fba6d6849fc932e0c16197adfce007b5b6186618c6882,4096,4116,original,https://images.nasa.gov/details/ast-30-2601,https://images-assets.nasa.gov/image/ast-30-2601/ast-30-2601~orig.jpg,NASA Johnson Space Center,"Public domain: NASA media, not subject to copyright in the United States",https://www.nasa.gov/nasa-brand-center/images-and-media/,Area of Cascade Mountains southeast of Seattle in State of Washington,"AST-30-2601 (20 July 1975) --- An area of the Cascade Mountains southeast of Seattle in the State of Washington, as photographed from the Apollo spacecraft in Earth orbit during the joint U.S.-USSR Apollo-Soyuz Test Project mission. The view includes Snoqualmie Pass, Cle Elum Lake, Kachess Lake and Keechelus Lake. The picture was taken at an altitude of 228 kilometers (141 statute miles) with a 70mm Hasselblad camera using medium-speed Ektachrome QX-807 type film.",2026-09-27
A37_KSC-2009-1363.jpg,KSC-2009-1363,landscapes,no,2009-01-22,2009-01-22T00:00:00,9c0ab7e6aa3f727da52756af0ae65eb73f7bad64e2cf19bba7761f6fb044357d,3008,2000,original,https://images.nasa.gov/details/KSC-2009-1363,https://images-assets.nasa.gov/image/KSC-2009-1363/KSC-2009-1363~orig.jpg,NASA Kennedy Space Center; NASA/Ben Smegelsky,"Public domain: NASA media, not subject to copyright in the United States",https://www.nasa.gov/nasa-brand-center/images-and-media/,KSC-2009-1363,"CAPE CANAVERAL, Fla. – The fog clears from the turn basin as the morning sky turns blue over NASA's Kennedy Space Center in Florida. A pelican has a front row seat for the spectacle. Kennedy is surrounded by water: the Banana River, Banana Creek, Indian River Lagoon and the Atlantic Ocean, all of which provide scenes of beauty and nature that contrast with the high technology and power of the center. Photo credit: NASA/Ben Smegelsky",2026-09-27
A38_KSC-2011-2953.jpg,KSC-2011-2953,landscapes,no,2011-04-21,2011-04-21T00:00:00,64e12b4c72a39bcd617f7fc3fd749671c91b56a7b4c2d2cb431e7beeee1dfad1,3000,2008,original,https://images.nasa.gov/details/KSC-2011-2953,https://images-assets.nasa.gov/image/KSC-2011-2953/KSC-2011-2953~orig.jpg,NASA Kennedy Space Center; NASA/Jim Grossmann,"Public domain: NASA media, not subject to copyright in the United States",https://www.nasa.gov/nasa-brand-center/images-and-media/,KSC-2011-2953,"CAPE CANAVERAL, Fla. -- As the sun rises over the Vehicle Assembly Building at NASA's Kennedy Space Center in Florida, tugboats tow the Pegasus Barge from the dock in the Turn Basin to a more secure mooring area. The barge is 266 ft long and 50 ft wide and has been used by the Space Shuttle Program to transport external fuel tanks over 900 miles of inland and open ocean waterways from the Michoud Assembly Facility in Louisiana to Kennedy. Photo credit: NASA/Jim Grossmann",2026-09-27
A39_sts001-012-0350.jpg,sts001-012-0350,landscapes,no,1981-04-14,,df974e1e35a4055aaf9196788b3f53f85199b78c9eacf2728527085c7843cbb2,4132,4140,original,https://images.nasa.gov/details/sts001-012-0350,https://images-assets.nasa.gov/image/sts001-012-0350/sts001-012-0350~orig.jpg,NASA Johnson Space Center; NASA,"Public domain: NASA media, not subject to copyright in the United States",https://www.nasa.gov/nasa-brand-center/images-and-media/,Himalayan Mountain Range,"STS001-12-350 (12-14 April 1981) --- India and China, the Ladokh and Zaskar Ranges of the Great Himalaya are clearly etched by snow and shadow. A detailed view shows the glaciation process over a wide area. Photo credit: NASA",2026-09-27
A40_sts059-219-065.jpg,sts059-219-065,landscapes,yes,1994-04-14,,0d32f41c0d4b698895bac75d1e9697678da7a423ae1aa607cf903dd3fa992878,4128,4152,original,https://images.nasa.gov/details/sts059-219-065,https://images-assets.nasa.gov/image/sts059-219-065/sts059-219-065~orig.jpg,NASA Johnson Space Center,"Public domain: NASA media, not subject to copyright in the United States",https://www.nasa.gov/nasa-brand-center/images-and-media/,Earth observations taken during the STS-59 mission,"STS059-219-065 (9-20 April 1994) --- The narrow end of the island is to the north by northeast. This is one of several volcanic islands extending south by southwest between the southern tip of Kamchatka and Japan. The exposure was stopped down to provide extremely fine detail in the totally snow-covered landscape, at the same time making the dark sea look completely black. Compare to STS047-90-087, taken in September, which shows a green ground cover. Hasselblad photograph.",2026-09-27
