verite_row,article_id,label,image
9,3,true,true_3
24,8,true,true_8
33,11,true,true_11
42,14,true,true_14
72,24,true,true_24
75,25,true,true_25
105,35,true,true_35
108,36,true,true_36
162,54,true,true_54
177,59,true,true_59
180,60,true,true_60
183,61,true,true_61
192,64,true,true_64
216,72,true,true_72
291,97,true,true_97
330,110,true,true_110
345,115,true,true_115
348,116,true,true_116
354,118,true,true_118
378,126,true,true_126
381,127,true,true_127
384,128,true,true_128
387,129,true,true_129
396,132,true,true_132
417,139,true,true_139
420,140,true,true_140
471,157,true,true_157
480,160,true,true_160
489,163,true,true_163
506,169,true,true_169
509,170,true,true_170
515,172,true,true_172
559,187,true,true_187
562,188,true,true_188
579,194,true,true_194
594,199,true,true_199
633,212,true,true_212
673,226,true,true_226
683,230,true,true_230
692,233,true,true_233
807,272,true,true_272
846,285,true,true_285
863,291,true,true_291
884,298,true,true_298
917,309,true,true_309
932,314,true,true_314
967,326,true,true_326
982,331,true,true_331
10,3,miscaptioned,true_3
25,8,miscaptioned,true_8
34,11,miscaptioned,true_11
43,14,miscaptioned,true_14
73,24,miscaptioned,true_24
76,25,miscaptioned,true_25
106,35,miscaptioned,true_35
109,36,miscaptioned,true_36
163,54,miscaptioned,true_54
178,59,miscaptioned,true_59
181,60,miscaptioned,true_60
184,61,miscaptioned,true_61
193,64,miscaptioned,true_64
217,72,miscaptioned,true_72
292,97,miscaptioned,true_97
331,110,miscaptioned,true_110
346,115,miscaptioned,true_115
349,116,miscaptioned,true_116
355,118,miscaptioned,true_118
379,126,miscaptioned,true_126
382,127,miscaptioned,true_127
385,128,miscaptioned,true_128
388,129,miscaptioned,true_129
397,132,miscaptioned,true_132
418,139,miscaptioned,true_139
421,140,miscaptioned,true_140
472,157,miscaptioned,true_157
481,160,miscaptioned,true_160
490,163,miscaptioned,true_163
507,169,miscaptioned,true_169
510,170,miscaptioned,true_170
516,172,miscaptioned,true_172
560,187,miscaptioned,true_187
563,188,miscaptioned,true_188
580,194,miscaptioned,true_194
595,199,miscaptioned,true_199
634,212,miscaptioned,true_212
674,226,miscaptioned,true_226
684,230,miscaptioned,true_230
693,233,miscaptioned,true_233
808,272,miscaptioned,true_272
847,285,miscaptioned,true_285
864,291,miscaptioned,true_291
885,298,miscaptioned,true_298
918,309,miscaptioned,true_309
933,314,miscaptioned,true_314
968,326,miscaptioned,true_326
983,331,miscaptioned,true_331
14,4,out-of-context,false_4
26,8,out-of-context,false_8
35,11,out-of-context,false_11
74,24,out-of-context,false_24
77,25,out-of-context,false_25
104,34,out-of-context,false_34
110,36,out-of-context,false_36
116,38,out-of-context,false_38
122,40,out-of-context,false_40
131,43,out-of-context,false_43
134,44,out-of-context,false_44
152,50,out-of-context,false_50
158,52,out-of-context,false_52
164,54,out-of-context,false_54
167,55,out-of-context,false_55
179,59,out-of-context,false_59
182,60,out-of-context,false_60
188,62,out-of-context,false_62
218,72,out-of-context,false_72
221,73,out-of-context,false_73
242,80,out-of-context,false_80
281,93,out-of-context,false_93
299,99,out-of-context,false_99
305,101,out-of-context,false_101
317,105,out-of-context,false_105
347,115,out-of-context,false_115
350,116,out-of-context,false_116
356,118,out-of-context,false_118
368,122,out-of-context,false_122
371,123,out-of-context,false_123
380,126,out-of-context,false_126
383,127,out-of-context,false_127
389,129,out-of-context,false_129
398,132,out-of-context,false_132
422,140,out-of-context,false_140
458,152,out-of-context,false_152
473,157,out-of-context,false_157
482,160,out-of-context,false_160
493,164,out-of-context,false_164
511,170,out-of-context,false_170
526,175,out-of-context,false_175
529,176,out-of-context,false_176
540,180,out-of-context,false_180
561,187,out-of-context,false_187
564,188,out-of-context,false_188
570,190,out-of-context,false_190
581,194,out-of-context,false_194
593,198,out-of-context,false_198
614,205,out-of-context,false_205
620,207,out-of-context,false_207
629,210,out-of-context,false_210
637,213,out-of-context,false_213
646,216,out-of-context,false_216
649,217,out-of-context,false_217
669,224,out-of-context,false_224
685,230,out-of-context,false_230
688,231,out-of-context,false_231
691,232,out-of-context,false_232
712,239,out-of-context,false_239
741,249,out-of-context,false_249
771,259,out-of-context,false_259
821,276,out-of-context,false_276
830,279,out-of-context,false_279
833,280,out-of-context,false_280
854,287,out-of-context,false_287
889,299,out-of-context,false_299
910,306,out-of-context,false_306
960,323,out-of-context,false_323
986,332,out-of-context,false_332
