verite_row,article_id,label,split
0,0,true,held-out
1,0,miscaptioned,held-out
3,1,true,held-out
5,1,out-of-context,held-out
7,2,miscaptioned,calibration
8,2,out-of-context,calibration
15,5,true,held-out
17,5,out-of-context,held-out
19,6,miscaptioned,calibration
21,7,true,calibration
27,9,true,held-out
29,9,out-of-context,held-out
30,10,true,held-out
36,12,true,calibration
39,13,true,calibration
40,13,miscaptioned,calibration
41,13,out-of-context,calibration
45,15,true,calibration
49,16,miscaptioned,calibration
56,18,out-of-context,held-out
58,19,miscaptioned,held-out
67,22,miscaptioned,held-out
69,23,true,calibration
70,23,miscaptioned,calibration
86,28,out-of-context,held-out
90,30,true,held-out
93,31,true,calibration
94,31,miscaptioned,calibration
95,31,out-of-context,calibration
96,32,true,held-out
97,32,miscaptioned,held-out
101,33,out-of-context,held-out
119,39,out-of-context,calibration
124,41,miscaptioned,held-out
125,41,out-of-context,held-out
126,42,true,held-out
127,42,miscaptioned,held-out
135,45,true,held-out
136,45,miscaptioned,held-out
138,46,true,calibration
139,46,miscaptioned,calibration
140,46,out-of-context,calibration
142,47,miscaptioned,held-out
144,48,true,calibration
147,49,true,held-out
148,49,miscaptioned,held-out
153,51,true,held-out
159,53,true,calibration
160,53,miscaptioned,calibration
170,56,out-of-context,held-out
172,57,miscaptioned,calibration
174,58,true,calibration
176,58,out-of-context,calibration
189,63,true,held-out
191,63,out-of-context,held-out
196,65,miscaptioned,held-out
203,67,out-of-context,calibration
205,68,miscaptioned,calibration
207,69,true,held-out
208,69,miscaptioned,held-out
209,69,out-of-context,held-out
211,70,miscaptioned,calibration
213,71,true,held-out
214,71,miscaptioned,held-out
222,74,true,held-out
223,74,miscaptioned,held-out
224,74,out-of-context,held-out
225,75,true,calibration
227,75,out-of-context,calibration
233,77,out-of-context,calibration
237,79,true,held-out
238,79,miscaptioned,held-out
244,81,miscaptioned,calibration
245,81,out-of-context,calibration
246,82,true,held-out
247,82,miscaptioned,held-out
249,83,true,held-out
252,84,true,held-out
253,84,miscaptioned,held-out
254,84,out-of-context,held-out
259,86,miscaptioned,held-out
260,86,out-of-context,held-out
267,89,true,held-out
270,90,true,calibration
272,90,out-of-context,calibration
273,91,true,held-out
275,91,out-of-context,held-out
278,92,out-of-context,held-out
284,94,out-of-context,held-out
285,95,true,held-out
288,96,true,held-out
290,96,out-of-context,held-out
294,98,true,calibration
295,98,miscaptioned,calibration
302,100,out-of-context,calibration
313,104,miscaptioned,calibration
320,106,out-of-context,calibration
326,108,out-of-context,calibration
329,109,out-of-context,held-out
337,112,miscaptioned,held-out
340,113,miscaptioned,held-out
342,114,true,held-out
351,117,true,calibration
352,117,miscaptioned,calibration
359,119,out-of-context,held-out
360,120,true,held-out
362,120,out-of-context,held-out
365,121,out-of-context,held-out
372,124,true,calibration
373,124,miscaptioned,calibration
374,124,out-of-context,calibration
375,125,true,calibration
376,125,miscaptioned,calibration
392,130,out-of-context,calibration
393,131,true,held-out
395,131,out-of-context,held-out
399,133,true,held-out
400,133,miscaptioned,held-out
401,133,out-of-context,held-out
402,134,true,held-out
403,134,miscaptioned,held-out
405,135,true,calibration
406,135,miscaptioned,calibration
407,135,out-of-context,calibration
408,136,true,calibration
410,136,out-of-context,calibration
412,137,miscaptioned,held-out
415,138,miscaptioned,calibration
423,141,true,held-out
425,141,out-of-context,held-out
427,142,miscaptioned,calibration
429,143,true,held-out
430,143,miscaptioned,held-out
431,143,out-of-context,held-out
435,145,true,calibration
437,145,out-of-context,calibration
440,146,out-of-context,held-out
441,147,true,calibration
444,148,true,calibration
445,148,miscaptioned,calibration
448,149,miscaptioned,calibration
450,150,true,held-out
451,150,miscaptioned,held-out
452,150,out-of-context,held-out
455,151,out-of-context,held-out
463,154,miscaptioned,calibration
466,155,miscaptioned,calibration
469,156,miscaptioned,held-out
470,156,out-of-context,held-out
474,158,true,calibration
475,158,miscaptioned,calibration
478,159,miscaptioned,calibration
495,165,miscaptioned,calibration
496,165,out-of-context,calibration
497,166,true,held-out
498,166,miscaptioned,held-out
500,167,true,held-out
505,168,out-of-context,held-out
518,173,true,calibration
523,174,out-of-context,calibration
530,177,true,held-out
531,177,miscaptioned,held-out
532,177,out-of-context,held-out
533,178,true,held-out
536,179,miscaptioned,calibration
537,179,out-of-context,calibration
542,181,miscaptioned,held-out
544,182,true,held-out
549,183,out-of-context,held-out
555,185,out-of-context,held-out
558,186,out-of-context,held-out
566,189,miscaptioned,held-out
574,192,true,calibration
575,192,miscaptioned,calibration
576,192,out-of-context,calibration
583,195,miscaptioned,calibration
584,195,out-of-context,calibration
586,196,miscaptioned,held-out
587,196,out-of-context,held-out
590,197,out-of-context,held-out
599,200,out-of-context,held-out
602,201,out-of-context,calibration
603,202,true,held-out
605,202,out-of-context,held-out
607,203,miscaptioned,calibration
609,204,true,calibration
610,204,miscaptioned,calibration
617,206,out-of-context,held-out
623,208,out-of-context,calibration
631,211,miscaptioned,calibration
640,214,out-of-context,held-out
643,215,out-of-context,calibration
654,219,out-of-context,held-out
655,220,true,calibration
659,221,miscaptioned,held-out
660,221,out-of-context,held-out
661,222,true,held-out
666,223,out-of-context,calibration
672,225,out-of-context,calibration
679,228,miscaptioned,calibration
695,234,true,calibration
698,235,true,held-out
699,235,miscaptioned,held-out
704,237,true,calibration
708,238,miscaptioned,calibration
716,241,true,held-out
717,241,miscaptioned,held-out
719,242,true,held-out
720,242,miscaptioned,held-out
722,243,true,held-out
723,243,miscaptioned,held-out
725,244,true,calibration
726,244,miscaptioned,calibration
727,244,out-of-context,calibration
730,245,out-of-context,held-out
737,248,true,held-out
738,248,miscaptioned,held-out
744,250,out-of-context,held-out
745,251,true,calibration
749,252,miscaptioned,held-out
752,253,miscaptioned,held-out
754,254,true,calibration
755,254,miscaptioned,calibration
758,255,miscaptioned,held-out
759,255,out-of-context,held-out
760,256,true,held-out
761,256,miscaptioned,held-out
764,257,miscaptioned,held-out
765,257,out-of-context,held-out
768,258,out-of-context,calibration
772,260,true,held-out
773,260,miscaptioned,held-out
775,261,true,held-out
777,261,out-of-context,held-out
780,262,out-of-context,calibration
781,263,true,calibration
784,264,true,held-out
785,264,miscaptioned,held-out
786,264,out-of-context,held-out
792,266,out-of-context,calibration
793,267,true,held-out
794,267,miscaptioned,held-out
796,268,true,held-out
801,270,true,calibration
802,270,miscaptioned,calibration
805,271,miscaptioned,held-out
810,273,true,calibration
813,274,true,held-out
818,275,out-of-context,calibration
823,277,miscaptioned,calibration
824,277,out-of-context,calibration
825,278,true,held-out
826,278,miscaptioned,held-out
827,278,out-of-context,held-out
835,281,miscaptioned,held-out
837,282,true,held-out
838,282,miscaptioned,held-out
840,283,true,held-out
842,283,out-of-context,held-out
849,286,true,held-out
850,286,miscaptioned,held-out
851,286,out-of-context,held-out
855,288,true,held-out
859,289,miscaptioned,held-out
868,292,out-of-context,held-out
869,293,true,calibration
871,293,out-of-context,calibration
872,294,true,calibration
873,294,miscaptioned,calibration
875,295,true,held-out
876,295,miscaptioned,held-out
879,296,miscaptioned,held-out
890,300,true,held-out
892,300,out-of-context,held-out
896,302,true,calibration
897,302,miscaptioned,calibration
901,303,out-of-context,held-out
907,305,out-of-context,held-out
913,307,out-of-context,held-out
921,310,miscaptioned,held-out
925,311,out-of-context,calibration
928,312,out-of-context,held-out
934,315,true,held-out
935,315,miscaptioned,held-out
940,317,true,held-out
945,318,out-of-context,calibration
947,319,miscaptioned,held-out
951,320,out-of-context,held-out
956,322,miscaptioned,held-out
961,324,true,held-out
962,324,miscaptioned,held-out
964,325,true,calibration
970,327,true,calibration
972,327,out-of-context,calibration
974,328,miscaptioned,held-out
980,330,miscaptioned,held-out
981,330,out-of-context,held-out
989,333,out-of-context,held-out
990,334,true,calibration
998,336,out-of-context,held-out
