verite_row,article_id,label,image,selection
0,0,true,true_0,reserve
3,1,true,true_1,draw
15,5,true,true_5,draw
21,7,true,true_7,draw
27,9,true,true_9,draw
30,10,true,true_10,reserve
36,12,true,true_12,reserve
39,13,true,true_13,draw
45,15,true,true_15,reserve
69,23,true,true_23,draw
90,30,true,true_30,draw
93,31,true,true_31,draw
96,32,true,true_32,reserve
126,42,true,true_42,draw
135,45,true,true_45,reserve
138,46,true,true_46,draw
144,48,true,true_48,draw
147,49,true,true_49,draw
153,51,true,true_51,reserve
159,53,true,true_53,draw
174,58,true,true_58,draw
189,63,true,true_63,reserve
207,69,true,true_69,draw
213,71,true,true_71,draw
222,74,true,true_74,reserve
225,75,true,true_75,draw
237,79,true,true_79,reserve
246,82,true,true_82,draw
249,83,true,true_83,draw
252,84,true,true_84,draw
267,89,true,true_89,draw
270,90,true,true_90,draw
273,91,true,true_91,reserve
285,95,true,true_95,draw
288,96,true,true_96,draw
294,98,true,true_98,reserve
342,114,true,true_114,reserve
351,117,true,true_117,draw
360,120,true,true_120,draw
372,124,true,true_124,reserve
375,125,true,true_125,draw
393,131,true,true_131,draw
399,133,true,true_133,draw
402,134,true,true_134,reserve
405,135,true,true_135,draw
408,136,true,true_136,draw
423,141,true,true_141,draw
429,143,true,true_143,draw
435,145,true,true_145,draw
441,147,true,true_147,reserve
444,148,true,true_148,draw
450,150,true,true_150,draw
474,158,true,true_158,draw
497,166,true,true_166,draw
500,167,true,true_167,draw
518,173,true,true_173,draw
530,177,true,true_177,draw
533,178,true,true_178,draw
544,182,true,true_182,draw
574,192,true,true_192,draw
603,202,true,true_202,draw
609,204,true,true_204,draw
655,220,true,true_220,reserve
661,222,true,true_222,reserve
695,234,true,true_234,reserve
698,235,true,true_235,reserve
704,237,true,true_237,draw
716,241,true,true_241,draw
719,242,true,true_242,draw
722,243,true,true_243,reserve
725,244,true,true_244,reserve
737,248,true,true_248,draw
745,251,true,true_251,draw
754,254,true,true_254,draw
760,256,true,true_256,reserve
772,260,true,true_260,reserve
775,261,true,true_261,draw
781,263,true,true_263,draw
784,264,true,true_264,draw
793,267,true,true_267,draw
796,268,true,true_268,draw
801,270,true,true_270,draw
810,273,true,true_273,reserve
813,274,true,true_274,draw
825,278,true,true_278,reserve
837,282,true,true_282,reserve
840,283,true,true_283,reserve
849,286,true,true_286,draw
855,288,true,true_288,draw
869,293,true,true_293,draw
872,294,true,true_294,reserve
875,295,true,true_295,reserve
890,300,true,true_300,draw
896,302,true,true_302,reserve
934,315,true,true_315,draw
940,317,true,true_317,reserve
961,324,true,true_324,draw
964,325,true,true_325,reserve
970,327,true,true_327,reserve
990,334,true,true_334,reserve
1,0,miscaptioned,true_0,draw
7,2,miscaptioned,true_2,draw
19,6,miscaptioned,true_6,reserve
40,13,miscaptioned,true_13,draw
49,16,miscaptioned,true_16,reserve
58,19,miscaptioned,true_19,reserve
67,22,miscaptioned,true_22,draw
70,23,miscaptioned,true_23,reserve
94,31,miscaptioned,true_31,reserve
97,32,miscaptioned,true_32,draw
124,41,miscaptioned,true_41,draw
127,42,miscaptioned,true_42,reserve
136,45,miscaptioned,true_45,draw
139,46,miscaptioned,true_46,draw
142,47,miscaptioned,true_47,draw
148,49,miscaptioned,true_49,draw
160,53,miscaptioned,true_53,reserve
172,57,miscaptioned,true_57,draw
196,65,miscaptioned,true_65,reserve
205,68,miscaptioned,true_68,reserve
208,69,miscaptioned,true_69,draw
211,70,miscaptioned,true_70,draw
214,71,miscaptioned,true_71,draw
223,74,miscaptioned,true_74,draw
238,79,miscaptioned,true_79,draw
244,81,miscaptioned,true_81,reserve
247,82,miscaptioned,true_82,draw
253,84,miscaptioned,true_84,reserve
259,86,miscaptioned,true_86,draw
295,98,miscaptioned,true_98,draw
313,104,miscaptioned,true_104,draw
337,112,miscaptioned,true_112,reserve
340,113,miscaptioned,true_113,reserve
352,117,miscaptioned,true_117,draw
373,124,miscaptioned,true_124,reserve
376,125,miscaptioned,true_125,draw
400,133,miscaptioned,true_133,draw
403,134,miscaptioned,true_134,draw
406,135,miscaptioned,true_135,draw
412,137,miscaptioned,true_137,draw
415,138,miscaptioned,true_138,draw
427,142,miscaptioned,true_142,reserve
430,143,miscaptioned,true_143,draw
445,148,miscaptioned,true_148,draw
448,149,miscaptioned,true_149,reserve
451,150,miscaptioned,true_150,draw
463,154,miscaptioned,true_154,draw
466,155,miscaptioned,true_155,draw
469,156,miscaptioned,true_156,draw
475,158,miscaptioned,true_158,draw
478,159,miscaptioned,true_159,reserve
495,165,miscaptioned,true_165,reserve
498,166,miscaptioned,true_166,reserve
531,177,miscaptioned,true_177,reserve
536,179,miscaptioned,true_179,reserve
542,181,miscaptioned,true_181,reserve
566,189,miscaptioned,true_189,draw
575,192,miscaptioned,true_192,draw
583,195,miscaptioned,true_195,reserve
586,196,miscaptioned,true_196,draw
607,203,miscaptioned,true_203,draw
610,204,miscaptioned,true_204,draw
631,211,miscaptioned,true_211,reserve
659,221,miscaptioned,true_221,draw
679,228,miscaptioned,true_228,draw
699,235,miscaptioned,true_235,reserve
708,238,miscaptioned,true_238,reserve
717,241,miscaptioned,true_241,draw
720,242,miscaptioned,true_242,draw
723,243,miscaptioned,true_243,draw
726,244,miscaptioned,true_244,draw
738,248,miscaptioned,true_248,draw
749,252,miscaptioned,true_252,draw
752,253,miscaptioned,true_253,reserve
755,254,miscaptioned,true_254,draw
758,255,miscaptioned,true_255,reserve
761,256,miscaptioned,true_256,draw
764,257,miscaptioned,true_257,draw
773,260,miscaptioned,true_260,draw
785,264,miscaptioned,true_264,draw
794,267,miscaptioned,true_267,draw
802,270,miscaptioned,true_270,draw
805,271,miscaptioned,true_271,draw
823,277,miscaptioned,true_277,reserve
826,278,miscaptioned,true_278,reserve
835,281,miscaptioned,true_281,draw
838,282,miscaptioned,true_282,draw
850,286,miscaptioned,true_286,reserve
859,289,miscaptioned,true_289,draw
873,294,miscaptioned,true_294,reserve
876,295,miscaptioned,true_295,draw
879,296,miscaptioned,true_296,reserve
897,302,miscaptioned,true_302,reserve
921,310,miscaptioned,true_310,reserve
935,315,miscaptioned,true_315,draw
947,319,miscaptioned,true_319,draw
956,322,miscaptioned,true_322,reserve
962,324,miscaptioned,true_324,draw
974,328,miscaptioned,true_328,draw
980,330,miscaptioned,true_330,reserve
5,1,out-of-context,false_1,draw
8,2,out-of-context,false_2,draw
17,5,out-of-context,false_5,reserve
29,9,out-of-context,false_9,draw
41,13,out-of-context,false_13,reserve
56,18,out-of-context,false_18,reserve
86,28,out-of-context,false_28,reserve
95,31,out-of-context,false_31,reserve
101,33,out-of-context,false_33,draw
119,39,out-of-context,false_39,reserve
125,41,out-of-context,false_41,draw
140,46,out-of-context,false_46,draw
170,56,out-of-context,false_56,reserve
176,58,out-of-context,false_58,reserve
191,63,out-of-context,false_63,reserve
203,67,out-of-context,false_67,reserve
209,69,out-of-context,false_69,reserve
224,74,out-of-context,false_74,draw
227,75,out-of-context,false_75,reserve
233,77,out-of-context,false_77,reserve
245,81,out-of-context,false_81,draw
254,84,out-of-context,false_84,draw
260,86,out-of-context,false_86,reserve
272,90,out-of-context,false_90,reserve
275,91,out-of-context,false_91,draw
278,92,out-of-context,false_92,reserve
284,94,out-of-context,false_94,reserve
290,96,out-of-context,false_96,draw
302,100,out-of-context,false_100,draw
320,106,out-of-context,false_106,draw
326,108,out-of-context,false_108,reserve
329,109,out-of-context,false_109,draw
359,119,out-of-context,false_119,reserve
362,120,out-of-context,false_120,draw
365,121,out-of-context,false_121,draw
374,124,out-of-context,false_124,draw
392,130,out-of-context,false_130,draw
395,131,out-of-context,false_131,reserve
401,133,out-of-context,false_133,draw
407,135,out-of-context,false_135,draw
410,136,out-of-context,false_136,reserve
425,141,out-of-context,false_141,draw
431,143,out-of-context,false_143,draw
437,145,out-of-context,false_145,draw
440,146,out-of-context,false_146,draw
452,150,out-of-context,false_150,reserve
455,151,out-of-context,false_151,draw
470,156,out-of-context,false_156,draw
496,165,out-of-context,false_165,draw
505,168,out-of-context,false_168,reserve
523,174,out-of-context,false_174,draw
532,177,out-of-context,false_177,draw
537,179,out-of-context,false_179,draw
549,183,out-of-context,false_183,reserve
555,185,out-of-context,false_185,reserve
558,186,out-of-context,false_186,reserve
576,192,out-of-context,false_192,draw
584,195,out-of-context,false_195,reserve
587,196,out-of-context,false_196,reserve
590,197,out-of-context,false_197,reserve
599,200,out-of-context,false_200,reserve
602,201,out-of-context,false_201,reserve
605,202,out-of-context,false_202,draw
617,206,out-of-context,false_206,draw
623,208,out-of-context,false_208,draw
640,214,out-of-context,false_214,draw
643,215,out-of-context,false_215,reserve
654,219,out-of-context,false_219,reserve
660,221,out-of-context,false_221,draw
666,223,out-of-context,false_223,reserve
672,225,out-of-context,false_225,draw
727,244,out-of-context,false_244,draw
730,245,out-of-context,false_245,reserve
744,250,out-of-context,false_250,draw
759,255,out-of-context,false_255,reserve
765,257,out-of-context,false_257,draw
768,258,out-of-context,false_258,reserve
777,261,out-of-context,false_261,draw
780,262,out-of-context,false_262,draw
786,264,out-of-context,false_264,draw
792,266,out-of-context,false_266,reserve
818,275,out-of-context,false_275,reserve
824,277,out-of-context,false_277,draw
827,278,out-of-context,false_278,draw
842,283,out-of-context,false_283,draw
851,286,out-of-context,false_286,reserve
868,292,out-of-context,false_292,reserve
871,293,out-of-context,false_293,draw
892,300,out-of-context,false_300,reserve
901,303,out-of-context,false_303,draw
907,305,out-of-context,false_305,reserve
913,307,out-of-context,false_307,reserve
925,311,out-of-context,false_311,reserve
928,312,out-of-context,false_312,draw
945,318,out-of-context,false_318,reserve
951,320,out-of-context,false_320,draw
972,327,out-of-context,false_327,reserve
981,330,out-of-context,false_330,reserve
989,333,out-of-context,false_333,draw
998,336,out-of-context,false_336,reserve
