footage,file,nasa_id,window_start_s,window_end_s,duration_s,date_created,source_url,file_url,author,licence,licence_url,title,nasa_description,access_date
fog_vab,fog_vab.mp4,KSC-20200713-MH-JBS01-0001-Creative_Videography_Fog_Rolling_Over_VAB_Timelapse-3254205,0,101,100.8,2020-07-13,https://images.nasa.gov/details/KSC-20200713-MH-JBS01-0001-Creative_Videography_Fog_Rolling_Over_VAB_Timelapse-3254205,https://images-assets.nasa.gov/video/KSC-20200713-MH-JBS01-0001-Creative_Videography_Fog_Rolling_Over_VAB_Timelapse-3254205/KSC-20200713-MH-JBS01-0001-Creative_Videography_Fog_Rolling_Over_VAB_Timelapse-3254205~medium.mp4,NASA KSC; NASA/Ben Smegelsky,"Public domain: NASA media, not subject to copyright in the United States",https://www.nasa.gov/nasa-brand-center/images-and-media/,Creative Videography - Fog Rolling Over VAB,Fog rolling over the Vehicle Assembly Building in the early morning.,2026-09-27
eagles,eagles.mp4,KSC-20260313-MH-JBS01-0001-Wildlife_Video_Bald_Eagles_BROLL-M19993,0,148,147.267,2026-03-13,https://images.nasa.gov/details/KSC-20260313-MH-JBS01-0001-Wildlife_Video_Bald_Eagles_BROLL-M19993,https://images-assets.nasa.gov/video/KSC-20260313-MH-JBS01-0001-Wildlife_Video_Bald_Eagles_BROLL-M19993/KSC-20260313-MH-JBS01-0001-Wildlife_Video_Bald_Eagles_BROLL-M19993~medium.mp4,NASA KSC; NASA/Ben Smegelsky,"Public domain: NASA media, not subject to copyright in the United States",https://www.nasa.gov/nasa-brand-center/images-and-media/,Wildlife Video - Bald Eagles,"Two American bald eagles sit perched on a tree branch while two eaglets sit in their nest at NASA’s Kennedy Space Center in Florida on Friday, March 13, 2026. Bald eagle nesting surveys across NASA Kennedy, Merritt Island National Wildlife Refuge, and Canaveral National Seashore are conducted annually to document the number of bald eagle active and inactive nests in support of wildlife management and regulatory compliance. Each year, eagles take up winter residence at the Florida spaceport, breeding and raising a new generation.",2026-09-27
pad_timelapse,pad_timelapse.mp4,KSC-20190826-MH-KLS01_0001-LH2_Time_Lapse_of_construction_at_39B-3223721,0,150,150.0,2019-11-14,https://images.nasa.gov/details/KSC-20190826-MH-KLS01_0001-LH2_Time_Lapse_of_construction_at_39B-3223721,https://images-assets.nasa.gov/video/KSC-20190826-MH-KLS01_0001-LH2_Time_Lapse_of_construction_at_39B-3223721/KSC-20190826-MH-KLS01_0001-LH2_Time_Lapse_of_construction_at_39B-3223721~medium.mp4,NASA KSC; NASA/Kim Shiflett,"Public domain: NASA media, not subject to copyright in the United States",https://www.nasa.gov/nasa-brand-center/images-and-media/,LH2 Time lapse footage at Pad 39-B,LH2 Time lapse footage at Pad 39-B,2026-09-27
pad_sunset,pad_sunset.mp4,SLS_KSC_01282026_ART II at Pad sunset anamorphic,0,135,134.133,2026-02-02,https://images.nasa.gov/details/SLS_KSC_01282026_ART%20II%20at%20Pad%20sunset%20anamorphic,https://images-assets.nasa.gov/video/SLS_KSC_01282026_ART II at Pad sunset anamorphic/SLS_KSC_01282026_ART II at Pad sunset anamorphic~medium.mp4,NASA MSFC,"Public domain: NASA media, not subject to copyright in the United States",https://www.nasa.gov/nasa-brand-center/images-and-media/,Sun sets on Full Artemis II Stack at Launch Pad 39B Anamorphic,"The sun is seen setting behind NASA’s SLS (Space Launch System) and Orion spacecraft, atop the mobile launcher on January 31, 2026. The rocket is currently at Launch Pad 39B at NASA’s Kennedy Space Center in Florida, as teams are preparing for a wet dress rehearsal to practice timelines and procedures for the launch of Artemis II.",2026-09-27
moon_sunrise,moon_sunrise.mp4,KSC-20260201-MH-JBS01-0001-Artemis_II_Full_Moon_Sunrise_Timelapse-M18703,0,41,40.1,2026-02-01,https://images.nasa.gov/details/KSC-20260201-MH-JBS01-0001-Artemis_II_Full_Moon_Sunrise_Timelapse-M18703,https://images-assets.nasa.gov/video/KSC-20260201-MH-JBS01-0001-Artemis_II_Full_Moon_Sunrise_Timelapse-M18703/KSC-20260201-MH-JBS01-0001-Artemis_II_Full_Moon_Sunrise_Timelapse-M18703~medium.mp4,NASA KSC; NASA/Ben Smegelsky,"Public domain: NASA media, not subject to copyright in the United States",https://www.nasa.gov/nasa-brand-center/images-and-media/,Artemis II Full Moon and Sunrise at LC 39B - Timelapse,Full Moon of Artemis II Moon rocket at Launch Complex 39B; Sunrise of Artemis II Moon rocket at Launch Complex 39B,2026-09-27
shoreline,shoreline.mp4,KSC-20190524-MH-MTD01-0001-Drone_Footage_Shoreline_Beach_House_VAB_Pad_41_Pad_39A-3222188,0,125,124.2,2019-05-24,https://images.nasa.gov/details/KSC-20190524-MH-MTD01-0001-Drone_Footage_Shoreline_Beach_House_VAB_Pad_41_Pad_39A-3222188,https://images-assets.nasa.gov/video/KSC-20190524-MH-MTD01-0001-Drone_Footage_Shoreline_Beach_House_VAB_Pad_41_Pad_39A-3222188/KSC-20190524-MH-MTD01-0001-Drone_Footage_Shoreline_Beach_House_VAB_Pad_41_Pad_39A-3222188~medium.mp4,NASA KSC,"Public domain: NASA media, not subject to copyright in the United States",https://www.nasa.gov/nasa-brand-center/images-and-media/,"Drone Footage of Shoreline, Beach House, VAB, SLC-41, SLC-39A","Drone Footage of Shoreline, Beach House, VAB, SLC-41, SLC-39A",2026-09-27
dorian,dorian.mp4,jsc2019m000806_Hurricane_Dorian_190902,0,192,191.667,2019-09-02,https://images.nasa.gov/details/jsc2019m000806_Hurricane_Dorian_190902,https://images-assets.nasa.gov/video/jsc2019m000806_Hurricane_Dorian_190902/jsc2019m000806_Hurricane_Dorian_190902~medium.mp4,NASA JSC,"Public domain: NASA media, not subject to copyright in the United States",https://www.nasa.gov/nasa-brand-center/images-and-media/,"ISS Views of Hurricane Dorian - September 2, 2019","Cameras outside the International Space Station captured views at 11:27 a.m. Eastern time September 2 of Hurricane Dorian from 260 miles in altitude as it churned over the over the northwestern Bahamas. In its 11:00 a.m. EDT advisory, the National Hurricane Center said Dorian was almost stationary, moving toward the west at just 1 mile an hour just over 100 miles east of West Palm Beach, Florida, packing catastrophic sustained winds of 155 miles an hour. A slow westward to west-northwestward motion is forecast during the next day or so, followed by a gradual turn toward the northwest and north. On this track, the core of extremely dangerous Hurricane Dorian will continue to pound Grand Bahama Island through much of today and tonight. The hurricane will move dangerously close to the east coast of Florida tonight through Wednesday evening and dangerously close to the Georgia and South Carolina coasts Wednesday night and Thursday. Currently, Dorian is a category 4 hurricane on the Saffir-Simpson Hurricane Wind Scale. Although gradual weakening is forecast, Dorian is expected to remain a powerful hurricane during the next couple of days while moving on a possible track up the southeastern U.S. seaboard.",2026-09-27
milton,milton.mp4,jsc2024m000174_Cameras_On_The_International_Space_Station_Capture_New_Views_Of_Hurricane_Milton-241009,0,180,180.0,2024-10-09,https://images.nasa.gov/details/jsc2024m000174_Cameras_On_The_International_Space_Station_Capture_New_Views_Of_Hurricane_Milton-241009,https://images-assets.nasa.gov/video/jsc2024m000174_Cameras_On_The_International_Space_Station_Capture_New_Views_Of_Hurricane_Milton-241009/jsc2024m000174_Cameras_On_The_International_Space_Station_Capture_New_Views_Of_Hurricane_Milton-241009~medium.mp4,NASA JSC,"Public domain: NASA media, not subject to copyright in the United States",https://www.nasa.gov/nasa-brand-center/images-and-media/,"Cameras On The International Space Station Capture New Views Of Hurricane Milton - Oct. 9, 2024","External cameras on the International Space Station captured new views of Hurricane Milton at 8:51 a.m. EDT Oct. 9 as it sped across the eastern Gulf of Mexico headed for a landfall along the west-central coast of Florida in the overnight hours Oct. 10. At the time of the space station’s flyover, Milton was a strong Category 4 hurricane packing winds of 155 miles an hour, moving northeast at 16 miles an hour. After Milton makes landfall Oct. 10, it is expected to cross the Florida peninsula throughout the day Thursday and emerge over the western Atlantic Thursday afternoon as a category 1 system. Join NASA as we go forward to the Moon and on to Mars -- discover the latest on Earth, the Solar System and beyond with a weekly update in your inbox. Subscribe at: https://www.nasa.gov/subscribe",2026-09-27
snow,snow.mp4,GSFC_20120703_GPM_m11067_Snow_montage,0,79,78.267,2012-07-03,https://images.nasa.gov/details/GSFC_20120703_GPM_m11067_Snow_montage,https://images-assets.nasa.gov/video/GSFC_20120703_GPM_m11067_Snow_montage/GSFC_20120703_GPM_m11067_Snow_montage~medium.mp4,NASA GSFC,"Public domain: NASA media, not subject to copyright in the United States",https://www.nasa.gov/nasa-brand-center/images-and-media/,GPM: What We Don't Know About Snow: Snowfall B-Roll,Clips of falling snow.,2026-09-27
barge_river,barge_river.mp4,MSFC_08212024_LVSA II shipping on Pegasus Decatur aerials,0,191,189.767,2024-08-21,https://images.nasa.gov/details/MSFC_08212024_LVSA%20II%20shipping%20on%20Pegasus%20Decatur%20aerials,https://images-assets.nasa.gov/video/MSFC_08212024_LVSA II shipping on Pegasus Decatur aerials/MSFC_08212024_LVSA II shipping on Pegasus Decatur aerials~medium.mp4,NASA MSFC,"Public domain: NASA media, not subject to copyright in the United States",https://www.nasa.gov/nasa-brand-center/images-and-media/,NASA Barge Departs Marshall with Artemis II Rocket Hardware,"NASA’s Pegasus barge, ferrying the launch vehicle stage adapter for NASA’s SLS (Space Launch System) rocket, departed the agency’s Marshall Space Flight Center in Huntsville, Alabama, Aug. 21, passing through nearby Decatur. The cone-shaped adapter is part of the SLS rocket that will power Artemis II mission, the first crewed flight of the agency’s Artemis campaign. The barge will stop briefly at NASA’s Michoud Assembly Facility in New Orleans to pick up additional hardware elements for Artemis III and Artemis IV before heading to the agency’s Kennedy Space Center in Florida, where the adapter will be readied for stacking and launch preparations.",2026-09-27
barge_arrival,barge_arrival.mp4,KSC-20210427-MH-MTD01-0001_Artemis_I_Core_Stage_Arrival_at_KSC_DRONE-3274757,0,175,174.133,2021-04-27,https://images.nasa.gov/details/KSC-20210427-MH-MTD01-0001_Artemis_I_Core_Stage_Arrival_at_KSC_DRONE-3274757,https://images-assets.nasa.gov/video/KSC-20210427-MH-MTD01-0001_Artemis_I_Core_Stage_Arrival_at_KSC_DRONE-3274757/KSC-20210427-MH-MTD01-0001_Artemis_I_Core_Stage_Arrival_at_KSC_DRONE-3274757~medium.mp4,NASA KSC; NASA/Jamie Peer; Juan Busto; and Michael Downs,"Public domain: NASA media, not subject to copyright in the United States",https://www.nasa.gov/nasa-brand-center/images-and-media/,Artemis I Core Stage Arrival at KSC - DRONE,"The Pegasus barge, carrying the mighty Space Launch System (SLS) core stage, arrives at NASA’s Kennedy Space Center in Florida on April 27, 2021, after journeying from the agency’s Stennis Space Center in Mississippi. The core stage is the final piece of Artemis hardware to arrive at the spaceport and will be offloaded and moved to Kennedy’s Vehicle Assembly Building, where it will be prepared for integration atop the mobile launcher with the completed stack of solid rocket boosters ahead of the Artemis I launch. The first in a series of increasingly complex missions, Artemis I will test SLS and Orion as an integrated system prior to crewed flights to the Moon.",2026-09-27
rollout_drone,rollout_drone.mp4,KSC-20211014-MH-MTD01-0001-Lucy_Rollout_to_Pad_SLC-41_DRONE-3289002,0,159,158.3,2021-10-14,https://images.nasa.gov/details/KSC-20211014-MH-MTD01-0001-Lucy_Rollout_to_Pad_SLC-41_DRONE-3289002,https://images-assets.nasa.gov/video/KSC-20211014-MH-MTD01-0001-Lucy_Rollout_to_Pad_SLC-41_DRONE-3289002/KSC-20211014-MH-MTD01-0001-Lucy_Rollout_to_Pad_SLC-41_DRONE-3289002~medium.mp4,NASA KSC; NASA/Mike Downs,"Public domain: NASA media, not subject to copyright in the United States",https://www.nasa.gov/nasa-brand-center/images-and-media/,"Lucy Rollout to Pad, SLC-41 -- DRONE","Lucy Rollout to Pad, SLC-41",2026-09-27
helicopters,helicopters.mp4,KSC-20200930-MH-FJM01_0001-New_NASA_Helicopters_Arrive_At_KSC-3259552,0,205,204.8,2020-09-30,https://images.nasa.gov/details/KSC-20200930-MH-FJM01_0001-New_NASA_Helicopters_Arrive_At_KSC-3259552,https://images-assets.nasa.gov/video/KSC-20200930-MH-FJM01_0001-New_NASA_Helicopters_Arrive_At_KSC-3259552/KSC-20200930-MH-FJM01_0001-New_NASA_Helicopters_Arrive_At_KSC-3259552~medium.mp4,NASA KSC; NASA/Francisco J Martin,"Public domain: NASA media, not subject to copyright in the United States",https://www.nasa.gov/nasa-brand-center/images-and-media/,Arrival of New NASA Helicopters,New NASA Helicopters Arrive at KSC,2026-09-27
global_hawk,global_hawk.mp4,ARC-20130816-AAV3521-Drone-Returns-After-Studying-Atlantic-Storms,0,130,128.767,2013-08-16,https://images.nasa.gov/details/ARC-20130816-AAV3521-Drone-Returns-After-Studying-Atlantic-Storms,https://images-assets.nasa.gov/video/ARC-20130816-AAV3521-Drone-Returns-After-Studying-Atlantic-Storms/ARC-20130816-AAV3521-Drone-Returns-After-Studying-Atlantic-Storms~medium.mp4,NASA ARC,"Public domain: NASA media, not subject to copyright in the United States",https://www.nasa.gov/nasa-brand-center/images-and-media/,High-Flying Drone Returns After Studying Atlantic Storms,"NASA’s AV-6 Global Hawk remotely piloted aircraft lands at NASA’s Wallops Flight Facility in Virginia after studying the atmosphere at high altitudes. The Hurricane and Severe Storm Sentinel, or HS3 mission used two of these drones to study severe weather in real-time to help NASA scientists develop better models to predict the growth of storms and hurricanes.",2026-09-27
helo_sunrise,helo_sunrise.mp4,KSC-20221114-MH-JBP01-Artemis_I_Sunrise_Helo_Shots-WON_3318261,0,240,240.0,2022-11-14,https://images.nasa.gov/details/KSC-20221114-MH-JBP01-Artemis_I_Sunrise_Helo_Shots-WON_3318261,https://images-assets.nasa.gov/video/KSC-20221114-MH-JBP01-Artemis_I_Sunrise_Helo_Shots-WON_3318261/KSC-20221114-MH-JBP01-Artemis_I_Sunrise_Helo_Shots-WON_3318261~medium.mp4,NASA KSC; NASA/Jamie Peer & Isaac Hutson,"Public domain: NASA media, not subject to copyright in the United States",https://www.nasa.gov/nasa-brand-center/images-and-media/,Artemis I LC-39B Helo Sunrise Shots,Artemis-I LC-39B Helo Sunrise Shots,2026-09-27
rollout_sunset,rollout_sunset.mp4,SLS_KSC_Artemis II Rollout to pad 1172026_broll_timelapse_sunset,0,240,240.0,2026-01-20,https://images.nasa.gov/details/SLS_KSC_Artemis%20II%20Rollout%20to%20pad%201172026_broll_timelapse_sunset,https://images-assets.nasa.gov/video/SLS_KSC_Artemis II Rollout to pad 1172026_broll_timelapse_sunset/SLS_KSC_Artemis II Rollout to pad 1172026_broll_timelapse_sunset~medium.mp4,NASA MSFC,"Public domain: NASA media, not subject to copyright in the United States",https://www.nasa.gov/nasa-brand-center/images-and-media/,SLS_KSC_Artemis II Rollout to pad 1172026_broll_timelapse_sunset,"This video shows NASA’s SLS (Space Launch System) and Orion spacecraft rolling out of the Vehicle Assembly Building at NASA’s Kennedy Space Center. NASA's massive Crawler-Transporter, upgraded for the Artemis program, carries the powerful SLS rocket and Orion spacecraft on the Mobile Launcher from the Vehicle Assembly Building to Launch Pad 39B at Kennedy Space Center in preparation for the Artemis II mission.",2026-09-27
aerial_survey,aerial_survey.mp4,KSC-20190905-MH-CMS01_0001-DART_Support_for_Hurricane_Dorian-3230374,0,170,169.8,2019-09-05,https://images.nasa.gov/details/KSC-20190905-MH-CMS01_0001-DART_Support_for_Hurricane_Dorian-3230374,https://images-assets.nasa.gov/video/KSC-20190905-MH-CMS01_0001-DART_Support_for_Hurricane_Dorian-3230374/KSC-20190905-MH-CMS01_0001-DART_Support_for_Hurricane_Dorian-3230374~medium.mp4,NASA KSC,"Public domain: NASA media, not subject to copyright in the United States",https://www.nasa.gov/nasa-brand-center/images-and-media/,DART Support for Hurricane Dorian,"An aerial survey of NASA's Kennedy Space Center in Florida was conducted after Hurricane Dorian skirted the Space Coast area. The survey was performed to identify structures and facilities that may have sustained damage from Hurricane Dorian as the storm passed to the east of Kennedy on September 3 and 4, 2019. Officials determined that the center received some isolated damage and limited water intrusion. Beach erosion also occurred, although the storm surge was less than expected. NASA closed the center ahead of the storm’s onset and only a small team of specialists known as the Rideout Team was on the center as the storm approached and passed.",2026-09-27
