clip_id,line_index,source,side,partner_clip_id,partner_line_index,partner_source
E01,1,fog_vab,held-out,E05,4,eagles
E01,2,fog_vab,held-out,E15,1,barge_arrival
E01,3,fog_vab,held-out,E23,1,helo_sunrise
E01,4,fog_vab,held-out,E29,1,A28_KSC-2010-5875.jpg
E02,1,pad_timelapse,held-out,E26,2,pad_sunset
E02,2,pad_timelapse,held-out,E08,3,dorian
E02,4,pad_timelapse,held-out,E26,3,pad_sunset
E03,1,moon_sunrise,fitting,E06,1,shoreline
E03,2,moon_sunrise,fitting,E25,4,aerial_survey
E03,3,moon_sunrise,fitting,E12,1,barge_river
E04,1,eagles,held-out,E23,2,helo_sunrise
E04,2,eagles,held-out,E02,1,pad_timelapse
E04,3,eagles,held-out,E14,3,barge_arrival
E05,1,eagles,held-out,E10,3,snow
E05,2,eagles,held-out,E29,3,A28_KSC-2010-5875.jpg
E05,4,eagles,held-out,E17,2,rollout_drone
E06,1,shoreline,fitting,E12,2,barge_river
E06,2,shoreline,fitting,E25,1,aerial_survey
E06,3,shoreline,fitting,E12,2,barge_river
E06,4,shoreline,fitting,E09,1,milton
E07,1,shoreline,fitting,E03,3,moon_sunrise
E07,3,shoreline,fitting,E24,3,aerial_survey
E08,1,dorian,held-out,E01,3,fog_vab
E08,2,dorian,held-out,E04,2,eagles
E08,3,dorian,held-out,E11,1,snow
E08,4,dorian,held-out,E26,2,pad_sunset
E09,1,milton,fitting,E19,3,helicopters
E09,2,milton,fitting,E03,2,moon_sunrise
E09,4,milton,fitting,E12,3,barge_river
E10,1,snow,held-out,E22,2,helo_sunrise
E10,2,snow,held-out,E04,2,eagles
E10,3,snow,held-out,E26,2,pad_sunset
E11,1,snow,held-out,E04,2,eagles
E11,3,snow,held-out,E04,2,eagles
E12,1,barge_river,fitting,E06,4,shoreline
E12,2,barge_river,fitting,E18,2,helicopters
E12,3,barge_river,fitting,E03,3,moon_sunrise
E13,1,barge_river,fitting,E03,3,moon_sunrise
E13,2,barge_river,fitting,E09,2,milton
E13,4,barge_river,fitting,E28,2,A15_KSC-98PC-572.jpg
E14,1,barge_arrival,held-out,E02,1,pad_timelapse
E14,2,barge_arrival,held-out,E01,4,fog_vab
E14,3,barge_arrival,held-out,E29,1,A28_KSC-2010-5875.jpg
E14,4,barge_arrival,held-out,E17,3,rollout_drone
E15,1,barge_arrival,held-out,E02,2,pad_timelapse
E15,4,barge_arrival,held-out,E17,3,rollout_drone
E16,1,rollout_drone,held-out,E30,2,dorian
E16,2,rollout_drone,held-out,E01,3,fog_vab
E16,3,rollout_drone,held-out,E33,1,pad_sunset
E16,4,rollout_drone,held-out,E10,3,snow
E17,1,rollout_drone,held-out,E02,1,pad_timelapse
E17,2,rollout_drone,held-out,E05,4,eagles
E17,3,rollout_drone,held-out,E22,2,helo_sunrise
E18,1,helicopters,fitting,E34,2,barge_river
E18,2,helicopters,fitting,E28,3,A15_KSC-98PC-572.jpg
E18,3,helicopters,fitting,E07,1,shoreline
E18,4,helicopters,fitting,E03,2,moon_sunrise
E19,1,helicopters,fitting,E28,1,A15_KSC-98PC-572.jpg
E19,3,helicopters,fitting,E12,1,barge_river
E20,1,global_hawk,fitting,E13,1,barge_river
E20,2,global_hawk,fitting,E25,4,aerial_survey
E20,3,global_hawk,fitting,E25,4,aerial_survey
E21,1,global_hawk,fitting,E13,4,barge_river
E21,2,global_hawk,fitting,E12,2,barge_river
E22,1,helo_sunrise,held-out,E05,2,eagles
E22,2,helo_sunrise,held-out,E14,1,barge_arrival
E22,3,helo_sunrise,held-out,E26,3,pad_sunset
E23,1,helo_sunrise,held-out,E04,3,eagles
E23,2,helo_sunrise,held-out,E02,2,pad_timelapse
E23,4,helo_sunrise,held-out,E04,1,eagles
E24,1,aerial_survey,fitting,E18,4,helicopters
E24,2,aerial_survey,fitting,E21,2,global_hawk
E24,3,aerial_survey,fitting,E20,1,global_hawk
E24,4,aerial_survey,fitting,E18,3,helicopters
E25,1,aerial_survey,fitting,E27,1,rollout_sunset
E25,2,aerial_survey,fitting,E06,2,shoreline
E25,4,aerial_survey,fitting,E28,1,A15_KSC-98PC-572.jpg
E26,1,pad_sunset,held-out,E01,1,fog_vab
E26,2,pad_sunset,held-out,E04,1,eagles
E26,3,pad_sunset,held-out,E23,4,helo_sunrise
E27,1,rollout_sunset,fitting,E21,1,global_hawk
E27,2,rollout_sunset,fitting,E24,3,aerial_survey
E28,1,A15_KSC-98PC-572.jpg,fitting,E21,1,global_hawk
E28,2,A15_KSC-98PC-572.jpg,fitting,E18,3,helicopters
E28,3,A15_KSC-98PC-572.jpg,fitting,E20,1,global_hawk
E29,1,A28_KSC-2010-5875.jpg,held-out,E14,3,barge_arrival
E29,3,A28_KSC-2010-5875.jpg,held-out,E30,1,dorian
E30,1,dorian,held-out,E23,2,helo_sunrise
E30,2,dorian,held-out,E26,1,pad_sunset
E33,1,pad_sunset,held-out,E08,2,dorian
E33,2,pad_sunset,held-out,E15,1,barge_arrival
E34,1,barge_river,fitting,E28,3,A15_KSC-98PC-572.jpg
E34,2,barge_river,fitting,E09,4,milton
