file_id,file,duration_s,utterances,pauses_s,transcript
long_01,long_01.wav,59.26,7176-92135-0009 1995-1826-0001 8455-210777-0009 1320-122617-0005 672-122797-0038 4446-2271-0002 4992-23283-0015,3.8 5.8 3.5 5.9 3.5 3.9,AND I SHOULD BEGIN WITH A SHORT HOMILY ON SOLILOQUY THE SOUTH SHE HAD NOT THOUGHT OF SERIOUSLY AND YET KNOWING OF ITS DELIGHTFUL HOSPITALITY AND MILD CLIMATE SHE WAS NOT AVERSE TO CHARLESTON OR NEW ORLEANS NO DOUBT IN PROCESS OF TIME THE LADIES WILL FOLLOW THE BEAR SHOOK HIS SHAGGY SIDES AND THEN A WELL KNOWN VOICE REPLIED THOUGHT THE FIR TREE AND BELIEVED IT ALL BECAUSE THE MAN WHO TOLD THE STORY WAS SO GOOD LOOKING WELL WELL IT'S TREMENDOUSLY WELL PUT ON TOO IS SHE NOT AFRAID THAT I WILL THWART HER INCLINATIONS
long_02,long_02.wav,56.64,7176-92135-0028 1284-1180-0012 1284-1180-0014 8555-292519-0012 2830-3980-0006 3575-170457-0028,5.7 3.8 7.0 6.6 7.5,LARKSPUR BIT ME AGAIN THIS MORNING FOR THE THIRD TIME WE HAVE COME FROM A FAR LONELIER PLACE THAN THIS A LONELIER PLACE OJO HAD NEVER EATEN SUCH A FINE MEAL IN ALL HIS LIFE THROUGH THE BLACK NIGHT RAIN HE SANG TO HER WINDOW BARS AGAINST THESE BOASTING FALSE APOSTLES PAUL BOLDLY DEFENDS HIS APOSTOLIC AUTHORITY AND MINISTRY KESWICK MARCH TWENTY SECOND EIGHTEEN THIRTY SEVEN DEAR MADAM
long_03,long_03.wav,59.06,908-157963-0024 260-123440-0006 3575-170457-0043 1221-135767-0021 8455-210777-0026,6.5 5.5 7.6 4.8,IMAGE OF WEAKNESS ART THOU BUT A WORM I WONDER IF I'VE BEEN CHANGED IN THE NIGHT HOWEVER REMEMBERING WHAT YOU TOLD ME NAMELY THAT YOU HAD COMMENDED THE MATTER TO A HIGHER DECISION THAN OURS AND THAT YOU WERE RESOLVED TO SUBMIT WITH RESIGNATION TO THAT DECISION WHATEVER IT MIGHT BE I HOLD IT MY DUTY TO YIELD ALSO AND TO BE SILENT IT MAY BE ALL FOR THE BEST PEARL ACCORDINGLY RAN TO THE BOW WINDOW AT THE FURTHER END OF THE HALL AND LOOKED ALONG THE VISTA OF A GARDEN WALK CARPETED WITH CLOSELY SHAVEN GRASS AND BORDERED WITH SOME RUDE AND IMMATURE ATTEMPT AT SHRUBBERY AND THE DEATH OF WHICH I DREAMT COULD NOT ALAS
long_04,long_04.wav,58.62,7729-102255-0040 7176-92135-0017 3575-170457-0037 8455-210777-0046 1580-141084-0035,4.9 3.6 6.2 6.2,IN THIS INCIDENT CONTRASTING THE CREATIVE AND THE DESTRUCTIVE SPIRIT OF THE FACTIONS THE EMIGRANT AID SOCIETY OF MASSACHUSETTS FINDS ITS MOST HONORABLE AND TRIUMPHANT VINDICATION IN THE OLD BADLY MADE PLAY IT WAS FREQUENTLY NECESSARY FOR ONE OF THE CHARACTERS TO TAKE THE AUDIENCE INTO HIS CONFIDENCE IF CHRISTIAN PERFECTION BE NECESSARY TO SALVATION I SHALL NEVER BE SAVED MY HEART IS A VERY HOTBED FOR SINFUL THOUGHTS AND WHEN I DECIDE ON AN ACTION I SCARCELY REMEMBER TO LOOK TO MY REDEEMER FOR DIRECTION YOU MAY BE QUITE SURE IT'S THERE SAID CAPTAIN BATTLEAX AND THAT I CAN SO USE IT AS TO HALF OBLITERATE YOUR TOWN WITHIN TWO MINUTES OF MY RETURN ON BOARD HE COULD EXAMINE THE PAPERS IN HIS OWN OFFICE
long_05,long_05.wav,59.84,1320-122612-0001 8230-279154-0011 4507-16021-0048 6829-68771-0003 6930-75918-0015 5105-28241-0014,5.5 6.0 7.2 7.8 3.4,THE DEWS WERE SUFFERED TO EXHALE AND THE SUN HAD DISPERSED THE MISTS AND WAS SHEDDING A STRONG AND CLEAR LIGHT IN THE FOREST WHEN THE TRAVELERS RESUMED THEIR JOURNEY SOME IMAGES LIKE SOME SENSATIONS FEEL VERY FAMILIAR WHILE OTHERS FEEL STRANGE THIS WITHOUT RECKONING IN THE PAINS OF THE HEART AND SO IT GOES ON THE DEMOCRATIC COMMITTEE FIGURED OUT A WAY TO DO THIS THUS IT IS THAT THE HONOR OF THREE IS SAVED OUR COUNTRY'S OUR MASTER'S AND OUR OWN ANOTHER CIRCUMSTANCE WAS MOST REMARKABLE
long_06,long_06.wav,55.42,1188-133604-0028 8230-279154-0025 2094-142345-0001,7.1 7.9,WELL THEN LAST HERE IS TURNER'S GREEK SCHOOL OF THE HIGHEST CLASS AND YOU DEFINE HIS ART ABSOLUTELY AS FIRST THE DISPLAYING INTENSELY AND WITH THE STERNEST INTELLECT OF NATURAL FORM AS IT IS AND THEN THE ENVELOPMENT OF IT WITH CLOUD AND FIRE WE MIGHT PROVISIONALLY THOUGH PERHAPS NOT QUITE CORRECTLY DEFINE MEMORY AS THAT WAY OF KNOWING ABOUT THE PAST WHICH HAS NO ANALOGUE IN OUR KNOWLEDGE OF THE FUTURE SUCH A DEFINITION WOULD AT LEAST SERVE TO MARK THE PROBLEM WITH WHICH WE ARE CONCERNED THOUGH SOME EXPECTATIONS MAY DESERVE TO RANK WITH MEMORY AS REGARDS IMMEDIACY BUT THE WINDOWS ARE PATCHED WITH WOODEN PANES AND THE DOOR I THINK IS LIKE THE GATE IT IS NEVER OPENED
long_07,long_07.wav,54.84,1284-1181-0016 2094-142345-0019 237-126133-0024 1221-135766-0011,6.4 5.8 6.3,I AM NOT ALLOWED TO PERFORM MAGIC EXCEPT FOR MY OWN AMUSEMENT HE TOLD HIS VISITORS AS HE LIGHTED A PIPE WITH A CROOKED STEM AND BEGAN TO SMOKE COMB THE WOOL FOR THE WHITTAWS INDEED AND THE OLD GENTLEMAN WAS SO DELIGHTED WITH HIS SUCCESS THAT HE HAD TO BURST OUT INTO A SERIES OF SHORT HAPPY BITS OF LAUGHTER THAT OCCUPIED QUITE A SPACE OF TIME BEHOLDING IT HESTER WAS CONSTRAINED TO RUSH TOWARDS THE CHILD TO PURSUE THE LITTLE ELF IN THE FLIGHT WHICH SHE INVARIABLY BEGAN TO SNATCH HER TO HER BOSOM WITH A CLOSE PRESSURE AND EARNEST KISSES NOT SO MUCH FROM OVERFLOWING LOVE AS TO ASSURE HERSELF THAT PEARL WAS FLESH AND BLOOD AND NOT UTTERLY DELUSIVE
long_08,long_08.wav,59.91,1089-134691-0018 4507-16021-0030 5683-32879-0025 7127-75947-0006 6829-68769-0011 3570-5695-0015 3570-5695-0010,5.3 3.8 6.4 3.2 3.5 3.4,AGAIN AGAIN ASSUREDLY IF THE TONGUE WHICH A NATION OR A PROVINCE HAS SPOKEN IS WORTHY OF INTEREST THE LANGUAGE WHICH HAS BEEN SPOKEN BY A MISERY IS STILL MORE WORTHY OF ATTENTION AND STUDY THANK YOU DORCAS DEAR THE PRINCESS INQUIRED NO I'M RUNNING FOR REPRESENTATIVE ON THE REPUBLICAN TICKET SAID KENNETH QUIETLY THE RESULT IS A GREAT MOBILITY OF THE LABOR EMPLOYED IN PRINTING PERHAPS GREATER THAN IN ANY OTHER EQUALLY WELL DEFINED AND CONSIDERABLE BODY OF WORKMEN THE MODERN ORGANIZATION OF INDUSTRY WORKS IN THE SAME DIRECTION ALSO BY ANOTHER LINE
long_09,long_09.wav,58.82,5105-28240-0007 1580-141084-0024 7021-79740-0010 1320-122617-0009 61-70970-0033,7.9 6.4 7.2 5.5,SERVADAC TOOK IT FOR GRANTED THAT THE DOBRYNA WAS ENDEAVORING TO PUT IN HE COULD HARDLY STAND STILL SO GREAT WAS HIS MENTAL AGITATION AND HE RAN TOWARDS HOLMES WITH TWO EAGER HANDS OUTSTRETCHED THANK HEAVEN THAT YOU HAVE COME DELIA CAME TO THE PARLOR AND WITH AN AIR OF GREAT MYSTERY BECKONED THE CHILDREN ASIDE AND SAID TO THEM IN A WHISPER LEAVE ANDELLA AND ROSALIE HERE AND DON'T SAY A WORD TO THEM I GREATLY MOURN THAT ONE SO WELL DISPOSED SHOULD DIE IN HIS IGNORANCE AND I HAVE SOUGHT A GOODLY HYMN CAN YOU LEAD ME TO HIM TRULY SUCH A HORSE SHOULD BE WORTH MUCH IN NOTTINGHAM FAIR
long_10,long_10.wav,57.96,7176-88083-0002 4077-13754-0014 2961-960-0000 61-70970-0036,3.5 7.3 4.1,HIS FEET WERE RED HIS LONG NARROW BEAK WITH ITS SAW TOOTHED EDGES AND SHARP HOOKED TIP WAS BRIGHT RED THE PEOPLE CONTESTED THESE MEASURES ONE BY ONE IN THE COURTS PRESENTING IN CASE AFTER CASE THE DIFFERENT PHASES OF THE SUBJECT AND URGING THE UNCONSTITUTIONALITY OF THE MEASURE HE PASSES ABRUPTLY FROM PERSONS TO IDEAS AND NUMBERS AND FROM IDEAS AND NUMBERS TO PERSONS FROM THE HEAVENS TO MAN FROM ASTRONOMY TO PHYSIOLOGY HE CONFUSES OR RATHER DOES NOT DISTINGUISH SUBJECT AND OBJECT FIRST AND FINAL CAUSES AND IS DREAMING OF GEOMETRICAL FIGURES LOST IN A FLUX OF SENSE ROBIN FITZOOTH SAW THAT HIS DOUBTS OF WARRENTON HAD BEEN UNFAIR AND HE BECAME ASHAMED OF HIMSELF FOR HARBORING THEM
long_11,long_11.wav,55.7,7729-102255-0039 7176-88083-0007 5683-32879-0019 4970-29095-0038 4507-16021-0050,3.5 4.2 7.0 6.9,THE INMATES BEING REMOVED AT THE APPOINTED HOUR A FEW CANNON BALLS WERE FIRED THROUGH THE STONE WALLS BUT SUCH WAS HIS KEENNESS THAT EVEN WHILE THE WIDE FLUKES OF HIS ENGORGED VICTIM WERE STILL STICKING OUT AT THE CORNERS OF HIS BEAK HIS FIERCE RED EYES WERE ONCE MORE PEERING DOWNWARD INTO THE TORRENT IN SEARCH OF FRESH PREY I HAVE VERY FEW TO LOVE ME NOW AND I THOUGHT YOU MIGHT LOVE ME AS I HAVE BEGUN TO LOVE YOU RUTH WAS GLAD TO HEAR THAT PHILIP HAD MADE A PUSH INTO THE WORLD AND SHE WAS SURE THAT HIS TALENT AND COURAGE WOULD MAKE A WAY FOR HIM AND YOU BELONG TO THAT SMALL CLASS WHO ARE HAPPY
long_12,long_12.wav,55.12,1089-134686-0010 8463-294828-0038 1580-141084-0030 7729-102255-0017 4446-2275-0027,4.0 7.9 4.3 6.5,WELL NOW ENNIS I DECLARE YOU HAVE A HEAD AND SO HAS MY STICK THOUSANDS OF HANDKERCHIEFS WERE WAVING ABOVE THESE TIGHTLY PACKED MASSES HAILING THE ABRAHAM LINCOLN UNTIL IT REACHED THE WATERS OF THE HUDSON RIVER AT THE TIP OF THE LONG PENINSULA THAT FORMS NEW YORK CITY JUST CLOSE THE DOOR SAID HOLMES SHERIFF JONES HAD HIS POCKETS ALWAYS FULL OF WRITS ISSUED IN THE SPIRIT OF PERSECUTION BUT WAS OFTEN BAFFLED BY THE SHARP WITS AND READY RESOURCES OF THE FREE STATE PEOPLE AND SOMETIMES DEFIED OUTRIGHT HE MOVED UNEASILY AND HIS CHAIR CREAKED
long_13,long_13.wav,57.2,4970-29093-0010 2094-142345-0023 7729-102255-0032 260-123288-0019,7.1 8.0 6.1,HE HAD NO FRIEND WISE ENOUGH TO TELL HIM TO STEP INTO THE DORKING CONVENTION THEN IN SESSION MAKE A SKETCH OF THE MEN AND WOMEN ON THE PLATFORM AND TAKE IT TO THE EDITOR OF THE DAILY GRAPEVINE AND SEE WHAT HE COULD GET A LINE FOR IT YOU'RE A RARE UN FOR SITTING DOWN TO YOUR WORK A LITTLE WHILE AFTER IT'S TIME TO PUT BY THE FREE STATE HOTEL A STONE BUILDING IN DIMENSIONS FIFTY BY SEVENTY FEET THREE STORIES HIGH AND HANDSOMELY FURNISHED PREVIOUSLY OCCUPIED ONLY FOR LODGING ROOMS ON THAT DAY FOR THE FIRST TIME OPENED ITS TABLE ACCOMMODATIONS TO THE PUBLIC AND PROVIDED A FREE DINNER IN HONOR OF THE OCCASION AT NOON THE VIOLENCE OF THE STORM REDOUBLES
long_14,long_14.wav,59.82,8455-210777-0015 6930-76324-0004 260-123286-0006 2094-142345-0037 61-70970-0034 5142-36377-0012,5.2 7.5 6.2 3.3 3.7,I AND MY WIFE AND SON AND THE TWO CRASWELLERS AND THREE OR FOUR OTHERS AGREED TO DINE ON BOARD THE SHIP ON THE NEXT BUT JOYCE HAD NOT BEEN LISTENING ALL AT ONCE SHE PUT DOWN HER CANDLE ON THE TABLE AND FACED HER COMPANION WE ARE LOSING TIME AND THE FACT IS I HAVE NOT COME ALL THIS WAY TO TAKE A LITTLE SAIL UPON A POND ON A RAFT WE CAN ALL BE SERVANTS OF GOD WHEREVER OUR LOT IS CAST BUT HE GIVES US DIFFERENT SORTS OF WORK ACCORDING AS HE FITS US FOR IT AND CALLS US TO IT NAY NAY LORDING ANSWERED WARRENTON WITH A HALF LAUGH MAKE ACQUAINTANCE WITH MISTER JAGO SIT TOGETHER
long_15,long_15.wav,59.65,8555-292519-0005 2961-961-0004 260-123440-0009 7729-102255-0043 2961-960-0012,3.1 6.9 7.5 6.6,WHILE THE OLD GOLD AND THE MARBLE STAYS FOREVER GLEAMING ITS SOFT STRONG BLAZE CALM IN THE EARLY EVENING GLOW LISTEN THEN SOCRATES TO A TALE OF SOLON'S WHO BEING THE FRIEND OF DROPIDAS MY GREAT GRANDFATHER TOLD IT TO MY GRANDFATHER CRITIAS AND HE TOLD ME I SHALL NEVER GET TO TWENTY AT THAT RATE IN A FEW DAYS AN OFFICER CAME WITH A REQUISITION FROM GOVERNOR SHANNON AND TOOK THE PRISONER BY LAND TO WESTPORT AND AFTERWARDS FROM THERE TO KANSAS CITY AND LEAVENWORTH MANY IF NOT ALL THE ELEMENTS OF THE PRE SOCRATIC PHILOSOPHY ARE INCLUDED IN THE TIMAEUS
long_16,long_16.wav,54.65,908-157963-0008 237-134500-0004 1284-1180-0009 8463-294825-0018 6930-75918-0008,4.5 6.3 6.2 6.4,THOU GENTLE MAID OF SILENT VALLEYS AND OF MODEST BROOKS FOR THOU SHALL BE CLOTHED IN LIGHT AND FED WITH MORNING MANNA TILL SUMMERS HEAT MELTS THEE BESIDE THE FOUNTAINS AND THE SPRINGS TO FLOURISH IN ETERNAL VALES THEY WHY SHOULD THEL COMPLAIN THAT INVITATION DECIDED HER THEN THEY STARTED ON AGAIN AND TWO HOURS LATER CAME IN SIGHT OF THE HOUSE OF DOCTOR PIPT METER ROUGHLY ONE YARD THREE INCHES CAN YOU IMAGINE WHY BUCKINGHAM HAS BEEN SO VIOLENT I SUSPECT
long_17,long_17.wav,55.84,7176-88083-0001 4970-29095-0011 2961-960-0007 121-121726-0004 61-70970-0021,7.3 7.9 5.5 3.3,THE MERGANSER HAD A CRESTED HEAD OF IRIDESCENT GREEN BLACK A BROAD COLLAR OF LUSTROUS WHITE BLACK BACK BLACK AND WHITE WINGS WHITE BELLY SIDES FINELY PENCILLED IN BLACK AND WHITE AND A BREAST OF RICH CHESTNUT RED STREAKED WITH BLACK DOES THEE THINK THEE COULD STAND IT SIX MONTHS BUT THEY HAVE NOTHING TO DO WITH THE INTERPRETATION OF PLATO AND IN SPIRIT THEY ARE OPPOSED TO HIM HEAVEN A GOOD PLACE TO BE RAISED TO THEY THEN RENEWED THEIR JOURNEY AND UNDER THE BETTER LIGHT MADE A SAFE CROSSING OF THE STABLE ROOFS
long_18,long_18.wav,56.13,8555-284449-0020 6829-68769-0022 4077-13751-0019 237-134500-0023 7729-102255-0001 4446-2271-0003 1320-122612-0007,6.6 3.1 4.2 4.2 6.6 6.2,THE COMBINED BANDS OF BOTH THE COUNTRIES PLAYED THE MUSIC AND A FINE SUPPER WAS SERVED WE HAVE HEARD SOMETHING OF YOUR STORY SAID KENNETH AND ARE INTERESTED IN IT WHO BEGAN THE QUARREL WAS IT THE MORMONS IT WOULD SERVE YOU ALL RIGHT IF SHE WALKED OFF WITH CARL THIS WAS AT THE MARCH ELECTION EIGHTEEN FIFTY FIVE IT'S BEEN ON ONLY TWO WEEKS AND I'VE BEEN HALF A DOZEN TIMES ALREADY CHINGACHGOOK HAD CAUGHT THE LOOK AND MOTIONING WITH HIS HAND HE BADE HIM SPEAK
long_19,long_19.wav,57.48,260-123288-0005 121-127105-0034 8455-210777-0003 2961-960-0015 6930-76324-0021,5.8 4.6 3.9 4.9,FROM TIME TO TIME A FLEECY TUFT OF MIST WITH YET SOME GLEAMING LIGHT LEFT UPON IT DROPS DOWN UPON THE DENSE FLOOR OF GREY AND LOSES ITSELF IN THE OPAQUE AND IMPENETRABLE MASS IT SOUNDED DULL IT SOUNDED STRANGE AND ALL THE MORE SO BECAUSE OF HIS MAIN CONDITION WHICH WAS AS I SPOKE I MADE HIM A GRACIOUS BOW AND I THINK I SHOWED HIM BY MY MODE OF ADDRESS THAT I DID NOT BEAR ANY GRUDGE AS TO MY INDIVIDUAL SELF THE STYLE AND PLAN OF THE TIMAEUS DIFFER GREATLY FROM THAT OF ANY OTHER OF THE PLATONIC DIALOGUES SURFACE DUST AT LEAST HAD BEEN REMOVED AND THE FINE OLD FURNITURE GAVE A HINT OF ITS REAL ELEGANCE AND POLISH
