utterance_id,file,speaker_id,speaker_sex,chapter_id,duration_s,transcript,sha256,source_url,archive_md5,author,licence,licence_url,access_date
1089-134686-0019,1089-134686-0019.flac,1089,M,134686,13.895,THE SENTENCE OF SAINT JAMES WHICH SAYS THAT HE WHO OFFENDS AGAINST ONE COMMANDMENT BECOMES GUILTY OF ALL HAD SEEMED TO HIM FIRST A SWOLLEN PHRASE UNTIL HE HAD BEGUN TO GROPE IN THE DARKNESS OF HIS OWN STATE,dde10b08d59f3dfa89a9b8731ffb0b39da00ac2b5b23115c2700ea312d5ff8cf,https://www.openslr.org/resources/12/test-clean.tar.gz,32fa31d27d2e1cad72775fee3f4849a9,"Panayotov, Chen, Povey and Khudanpur (2015), LibriSpeech; read audiobooks from LibriVox",CC BY 4.0,https://creativecommons.org/licenses/by/4.0/,2026-09-27
1188-133604-0011,1188-133604-0011.flac,1188,M,133604,15.19,THEY ARE BEYOND ALL OTHER WORKS THAT I KNOW EXISTING DEPENDENT FOR THEIR EFFECT ON LOW SUBDUED TONES THEIR FAVORITE CHOICE IN TIME OF DAY BEING EITHER DAWN OR TWILIGHT AND EVEN THEIR BRIGHTEST SUNSETS PRODUCED CHIEFLY OUT OF GRAY PAPER,a0111946a79f5267b218115188280f16f2e4c9d0c056f4e73db4253c06ff9a8e,https://www.openslr.org/resources/12/test-clean.tar.gz,32fa31d27d2e1cad72775fee3f4849a9,"Panayotov, Chen, Povey and Khudanpur (2015), LibriSpeech; read audiobooks from LibriVox",CC BY 4.0,https://creativecommons.org/licenses/by/4.0/,2026-09-27
121-127105-0033,121-127105-0033.flac,121,F,127105,2.355,IT WAS THE BEAUTY OF IT,386d9f90e8f55a1b971f8736379d85ea447184ff671398c1a985b47bbf7c928f,https://www.openslr.org/resources/12/test-clean.tar.gz,32fa31d27d2e1cad72775fee3f4849a9,"Panayotov, Chen, Povey and Khudanpur (2015), LibriSpeech; read audiobooks from LibriVox",CC BY 4.0,https://creativecommons.org/licenses/by/4.0/,2026-09-27
1221-135766-0004,1221-135766-0004.flac,1221,F,135766,7.44,THIS OUTWARD MUTABILITY INDICATED AND DID NOT MORE THAN FAIRLY EXPRESS THE VARIOUS PROPERTIES OF HER INNER LIFE,0c9ef992cd12b597219de360d086cd1638170c61640049fd3ebcb21918bf1009,https://www.openslr.org/resources/12/test-clean.tar.gz,32fa31d27d2e1cad72775fee3f4849a9,"Panayotov, Chen, Povey and Khudanpur (2015), LibriSpeech; read audiobooks from LibriVox",CC BY 4.0,https://creativecommons.org/licenses/by/4.0/,2026-09-27
1221-135767-0001,1221-135767-0001.flac,1221,F,135767,13.43,ANOTHER AND FAR MORE IMPORTANT REASON THAN THE DELIVERY OF A PAIR OF EMBROIDERED GLOVES IMPELLED HESTER AT THIS TIME TO SEEK AN INTERVIEW WITH A PERSONAGE OF SO MUCH POWER AND ACTIVITY IN THE AFFAIRS OF THE SETTLEMENT,0d8ef7e082f0fd267ec1e645e20c3308fc97f191d58ac72badca7b24815e6e08,https://www.openslr.org/resources/12/test-clean.tar.gz,32fa31d27d2e1cad72775fee3f4849a9,"Panayotov, Chen, Povey and Khudanpur (2015), LibriSpeech; read audiobooks from LibriVox",CC BY 4.0,https://creativecommons.org/licenses/by/4.0/,2026-09-27
1284-1180-0003,1284-1180-0003.flac,1284,F,1180,4.835,FOR A LONG TIME HE HAD WISHED TO EXPLORE THE BEAUTIFUL LAND OF OZ IN WHICH THEY LIVED,e9850c58c0b066ec8eeceda7ded87ba42cb6823f69b935bfe5d3619c46fe166a,https://www.openslr.org/resources/12/test-clean.tar.gz,32fa31d27d2e1cad72775fee3f4849a9,"Panayotov, Chen, Povey and Khudanpur (2015), LibriSpeech; read audiobooks from LibriVox",CC BY 4.0,https://creativecommons.org/licenses/by/4.0/,2026-09-27
1284-1180-0021,1284-1180-0021.flac,1284,F,1180,9.84,I THINK THE NEXT GLASS CAT THE MAGICIAN MAKES WILL HAVE NEITHER BRAINS NOR HEART FOR THEN IT WILL NOT OBJECT TO CATCHING MICE AND MAY PROVE OF SOME USE TO US,3d150d13128fa9ae45fabab3ebce9c10999bad09dc8d62230f34a99c6a07bf40,https://www.openslr.org/resources/12/test-clean.tar.gz,32fa31d27d2e1cad72775fee3f4849a9,"Panayotov, Chen, Povey and Khudanpur (2015), LibriSpeech; read audiobooks from LibriVox",CC BY 4.0,https://creativecommons.org/licenses/by/4.0/,2026-09-27
1284-1181-0008,1284-1181-0008.flac,1284,F,1181,6.08,I THINK THAT WILL DO SHE CONTINUED FOR THE OTHER QUALITIES ARE NOT NEEDED IN A SERVANT,5fb81475b51774361ea7766e61a65edfd03c5f39bfcfab35584b1affa01c0fd7,https://www.openslr.org/resources/12/test-clean.tar.gz,32fa31d27d2e1cad72775fee3f4849a9,"Panayotov, Chen, Povey and Khudanpur (2015), LibriSpeech; read audiobooks from LibriVox",CC BY 4.0,https://creativecommons.org/licenses/by/4.0/,2026-09-27
1284-134647-0000,1284-134647-0000.flac,1284,F,134647,8.53,THE GRATEFUL APPLAUSE OF THE CLERGY HAS CONSECRATED THE MEMORY OF A PRINCE WHO INDULGED THEIR PASSIONS AND PROMOTED THEIR INTEREST,b74ac729f680346abd5fbfcb0509ad5bd2bdeaab65268490343c947d684786de,https://www.openslr.org/resources/12/test-clean.tar.gz,32fa31d27d2e1cad72775fee3f4849a9,"Panayotov, Chen, Povey and Khudanpur (2015), LibriSpeech; read audiobooks from LibriVox",CC BY 4.0,https://creativecommons.org/licenses/by/4.0/,2026-09-27
1320-122612-0003,1320-122612-0003.flac,1320,M,122612,9.865,HE OFTEN STOPPED TO EXAMINE THE TREES NOR DID HE CROSS A RIVULET WITHOUT ATTENTIVELY CONSIDERING THE QUANTITY THE VELOCITY AND THE COLOR OF ITS WATERS,0c77177884f8558fe30c0c61ab80c1edd164f9a914fdeb0a60ccb7eaecb4b933,https://www.openslr.org/resources/12/test-clean.tar.gz,32fa31d27d2e1cad72775fee3f4849a9,"Panayotov, Chen, Povey and Khudanpur (2015), LibriSpeech; read audiobooks from LibriVox",CC BY 4.0,https://creativecommons.org/licenses/by/4.0/,2026-09-27
1320-122612-0012,1320-122612-0012.flac,1320,M,122612,10.49,EXTINGUISHED BRANDS WERE LYING AROUND A SPRING THE OFFALS OF A DEER WERE SCATTERED ABOUT THE PLACE AND THE TREES BORE EVIDENT MARKS OF HAVING BEEN BROWSED BY THE HORSES,7229dfa7e2c1c68f36482dc58eaecedca50713ec89a4232a66558d992e2a06cd,https://www.openslr.org/resources/12/test-clean.tar.gz,32fa31d27d2e1cad72775fee3f4849a9,"Panayotov, Chen, Povey and Khudanpur (2015), LibriSpeech; read audiobooks from LibriVox",CC BY 4.0,https://creativecommons.org/licenses/by/4.0/,2026-09-27
1320-122617-0014,1320-122617-0014.flac,1320,M,122617,4.9,THEY DREW BACK A LITTLE FROM THE ENTRANCE AND MOTIONED TO THE SUPPOSED CONJURER TO ENTER,7014fe751856d8d11c5e29ccdd8e7001a697410ca556574992d1bfac7914194c,https://www.openslr.org/resources/12/test-clean.tar.gz,32fa31d27d2e1cad72775fee3f4849a9,"Panayotov, Chen, Povey and Khudanpur (2015), LibriSpeech; read audiobooks from LibriVox",CC BY 4.0,https://creativecommons.org/licenses/by/4.0/,2026-09-27
1320-122617-0030,1320-122617-0030.flac,1320,M,122617,3.98,SO CHOOSE FOR YOURSELF TO MAKE A RUSH OR TARRY HERE,4c8d784cdabeee30a41fbb6f14beb076f660d8d5a55587b68afa5391525f6a85,https://www.openslr.org/resources/12/test-clean.tar.gz,32fa31d27d2e1cad72775fee3f4849a9,"Panayotov, Chen, Povey and Khudanpur (2015), LibriSpeech; read audiobooks from LibriVox",CC BY 4.0,https://creativecommons.org/licenses/by/4.0/,2026-09-27
1580-141083-0003,1580-141083-0003.flac,1580,F,141083,6.55,WITHOUT HIS SCRAPBOOKS HIS CHEMICALS AND HIS HOMELY UNTIDINESS HE WAS AN UNCOMFORTABLE MAN,cf85e23cde64fbc080a6c713a0a9d5bc047092f2365b59fe11437dacec7e0985,https://www.openslr.org/resources/12/test-clean.tar.gz,32fa31d27d2e1cad72775fee3f4849a9,"Panayotov, Chen, Povey and Khudanpur (2015), LibriSpeech; read audiobooks from LibriVox",CC BY 4.0,https://creativecommons.org/licenses/by/4.0/,2026-09-27
1580-141083-0027,1580-141083-0027.flac,1580,F,141083,5.225,HOW LONG WOULD IT TAKE HIM TO DO THAT USING EVERY POSSIBLE CONTRACTION A QUARTER OF AN HOUR NOT LESS,46847c9690d4039d7651bb3003bdda4a78cf9d01ec1bdb78546278e0c6cf36bc,https://www.openslr.org/resources/12/test-clean.tar.gz,32fa31d27d2e1cad72775fee3f4849a9,"Panayotov, Chen, Povey and Khudanpur (2015), LibriSpeech; read audiobooks from LibriVox",CC BY 4.0,https://creativecommons.org/licenses/by/4.0/,2026-09-27
1580-141083-0034,1580-141083-0034.flac,1580,F,141083,6.99,AS HOLMES DREW THE CURTAIN I WAS AWARE FROM SOME LITTLE RIGIDITY AND ALERTNESS OF HIS ATTITUDE THAT HE WAS PREPARED FOR AN EMERGENCY,1fb8d31d2a742d6aa64f76da64e8d800ecf161541d47dc6a23d0ea4acb39d427,https://www.openslr.org/resources/12/test-clean.tar.gz,32fa31d27d2e1cad72775fee3f4849a9,"Panayotov, Chen, Povey and Khudanpur (2015), LibriSpeech; read audiobooks from LibriVox",CC BY 4.0,https://creativecommons.org/licenses/by/4.0/,2026-09-27
1580-141083-0050,1580-141083-0050.flac,1580,F,141083,3.085,I REALLY DON'T THINK HE KNEW MUCH ABOUT IT MISTER HOLMES,5c877f5be2f33fcde4617ff782ac7363a4a2260b54f58b634b4ece2e2c6f2017,https://www.openslr.org/resources/12/test-clean.tar.gz,32fa31d27d2e1cad72775fee3f4849a9,"Panayotov, Chen, Povey and Khudanpur (2015), LibriSpeech; read audiobooks from LibriVox",CC BY 4.0,https://creativecommons.org/licenses/by/4.0/,2026-09-27
1580-141084-0015,1580-141084-0015.flac,1580,F,141084,3.47,HE IMPRESSED ME AS BEING A PERFECTLY HONEST MAN,fdf90d672ccdd48fe0b0d5dc34573b6218cfd748e9c387c08b5c9956dec0e6a7,https://www.openslr.org/resources/12/test-clean.tar.gz,32fa31d27d2e1cad72775fee3f4849a9,"Panayotov, Chen, Povey and Khudanpur (2015), LibriSpeech; read audiobooks from LibriVox",CC BY 4.0,https://creativecommons.org/licenses/by/4.0/,2026-09-27
1580-141084-0029,1580-141084-0029.flac,1580,F,141084,8.075,HIS TROUBLED BLUE EYES GLANCED AT EACH OF US AND FINALLY RESTED WITH AN EXPRESSION OF BLANK DISMAY UPON BANNISTER IN THE FARTHER CORNER,9a23a00c5d0130d2f29bf9f1b9dc6a7a610fe5a57f910f6c58b2f1675446008b,https://www.openslr.org/resources/12/test-clean.tar.gz,32fa31d27d2e1cad72775fee3f4849a9,"Panayotov, Chen, Povey and Khudanpur (2015), LibriSpeech; read audiobooks from LibriVox",CC BY 4.0,https://creativecommons.org/licenses/by/4.0/,2026-09-27
1580-141084-0031,1580-141084-0031.flac,1580,F,141084,6.47,WE WANT TO KNOW MISTER GILCHRIST HOW YOU AN HONOURABLE MAN EVER CAME TO COMMIT SUCH AN ACTION AS THAT OF YESTERDAY,dbb3a748a7f0440e969f42d3f4796f889960a88d6a4027fbdead4276ae5b1dcf,https://www.openslr.org/resources/12/test-clean.tar.gz,32fa31d27d2e1cad72775fee3f4849a9,"Panayotov, Chen, Povey and Khudanpur (2015), LibriSpeech; read audiobooks from LibriVox",CC BY 4.0,https://creativecommons.org/licenses/by/4.0/,2026-09-27
1995-1836-0001,1995-1836-0001.flac,1995,F,1836,6.0,AT LAST THE COTTON COMBINE WAS TO ALL APPEARANCES AN ASSURED FACT AND HE WAS SLATED FOR THE SENATE,d8b59effae19763adf3bdf9448aa8bb91e63ac7f8f07dc5aeea0cc2b39e83785,https://www.openslr.org/resources/12/test-clean.tar.gz,32fa31d27d2e1cad72775fee3f4849a9,"Panayotov, Chen, Povey and Khudanpur (2015), LibriSpeech; read audiobooks from LibriVox",CC BY 4.0,https://creativecommons.org/licenses/by/4.0/,2026-09-27
1995-1837-0004,1995-1837-0004.flac,1995,F,1837,6.36,HE PANTED TO KNOW IF SHE TOO KNEW OR KNEW AND CARED NOT OR CARED AND KNEW NOT,e61b714a87e810367fb17c9e66fd005b2ea900fc65022076c699c105768191f7,https://www.openslr.org/resources/12/test-clean.tar.gz,32fa31d27d2e1cad72775fee3f4849a9,"Panayotov, Chen, Povey and Khudanpur (2015), LibriSpeech; read audiobooks from LibriVox",CC BY 4.0,https://creativecommons.org/licenses/by/4.0/,2026-09-27
1995-1837-0022,1995-1837-0022.flac,1995,F,1837,3.415,UP IN THE SICK ROOM ZORA LAY ON THE LITTLE WHITE BED,9a336011df5b6e6a73ded78bff439d0dda747c344ba0e45e6d3a1ba5bd04ccd5,https://www.openslr.org/resources/12/test-clean.tar.gz,32fa31d27d2e1cad72775fee3f4849a9,"Panayotov, Chen, Povey and Khudanpur (2015), LibriSpeech; read audiobooks from LibriVox",CC BY 4.0,https://creativecommons.org/licenses/by/4.0/,2026-09-27
2094-142345-0008,2094-142345-0008.flac,2094,F,142345,31.65,BUT THERE IS ALWAYS A STRONGER SENSE OF LIFE WHEN THE SUN IS BRILLIANT AFTER RAIN AND NOW HE IS POURING DOWN HIS BEAMS AND MAKING SPARKLES AMONG THE WET STRAW AND LIGHTING UP EVERY PATCH OF VIVID GREEN MOSS ON THE RED TILES OF THE COW SHED AND TURNING EVEN THE MUDDY WATER THAT IS HURRYING ALONG THE CHANNEL TO THE DRAIN INTO A MIRROR FOR THE YELLOW BILLED DUCKS WHO ARE SEIZING THE OPPORTUNITY OF GETTING A DRINK WITH AS MUCH BODY IN IT AS POSSIBLE,7852cf80f6a571ec80db4d4866a207e0cf6d26df457ee340a86c6d4d988f5479,https://www.openslr.org/resources/12/test-clean.tar.gz,32fa31d27d2e1cad72775fee3f4849a9,"Panayotov, Chen, Povey and Khudanpur (2015), LibriSpeech; read audiobooks from LibriVox",CC BY 4.0,https://creativecommons.org/licenses/by/4.0/,2026-09-27
2094-142345-0018,2094-142345-0018.flac,2094,F,142345,3.155,WHO TAUGHT YOU TO SCRUB A FLOOR I SHOULD LIKE TO KNOW,5ca1ee6260f5fd47dc20cc0e394f28848deedb018ae53319a40bdb7728275487,https://www.openslr.org/resources/12/test-clean.tar.gz,32fa31d27d2e1cad72775fee3f4849a9,"Panayotov, Chen, Povey and Khudanpur (2015), LibriSpeech; read audiobooks from LibriVox",CC BY 4.0,https://creativecommons.org/licenses/by/4.0/,2026-09-27
2094-142345-0039,2094-142345-0039.flac,2094,F,142345,6.28,I'VE STRONG ASSURANCE THAT NO EVIL WILL HAPPEN TO YOU AND MY UNCLE AND THE CHILDREN FROM ANYTHING I'VE DONE,21d7d00350a4ca2b0109da67cfad724f36979e7c1b2e098f9327bc8c4f433435,https://www.openslr.org/resources/12/test-clean.tar.gz,32fa31d27d2e1cad72775fee3f4849a9,"Panayotov, Chen, Povey and Khudanpur (2015), LibriSpeech; read audiobooks from LibriVox",CC BY 4.0,https://creativecommons.org/licenses/by/4.0/,2026-09-27
2094-142345-0042,2094-142345-0042.flac,2094,F,142345,2.455,I HANNA COMMON PATIENCE WITH YOU,54aee9b141c86e2283993b8ab81be1694d907aa804f3a0806a771c75ea2c8fce,https://www.openslr.org/resources/12/test-clean.tar.gz,32fa31d27d2e1cad72775fee3f4849a9,"Panayotov, Chen, Povey and Khudanpur (2015), LibriSpeech; read audiobooks from LibriVox",CC BY 4.0,https://creativecommons.org/licenses/by/4.0/,2026-09-27
2300-131720-0022,2300-131720-0022.flac,2300,M,131720,13.665,MEANWHILE HE HAD CALLED UPON ME TO MAKE A REPORT OF THE THREE WIRE SYSTEM KNOWN IN ENGLAND AS THE HOPKINSON BOTH DOCTOR JOHN HOPKINSON AND MISTER EDISON BEING INDEPENDENT INVENTORS AT PRACTICALLY THE SAME TIME,93212060c39673d7a3ee80b52a8f2612e70e3c121fd588c690e3d51be10e6963,https://www.openslr.org/resources/12/test-clean.tar.gz,32fa31d27d2e1cad72775fee3f4849a9,"Panayotov, Chen, Povey and Khudanpur (2015), LibriSpeech; read audiobooks from LibriVox",CC BY 4.0,https://creativecommons.org/licenses/by/4.0/,2026-09-27
237-134493-0003,237-134493-0003.flac,237,F,134493,12.765,FROM THE GRAVEYARD GATE ONE CAN COUNT A DOZEN GAYLY PAINTED FARMHOUSES THE GILDED WEATHER VANES ON THE BIG RED BARNS WINK AT EACH OTHER ACROSS THE GREEN AND BROWN AND YELLOW FIELDS,6a1759bf0c078d349e7eaedbed4a67fd88dc35226d470bb5a6a0082a678a8f99,https://www.openslr.org/resources/12/test-clean.tar.gz,32fa31d27d2e1cad72775fee3f4849a9,"Panayotov, Chen, Povey and Khudanpur (2015), LibriSpeech; read audiobooks from LibriVox",CC BY 4.0,https://creativecommons.org/licenses/by/4.0/,2026-09-27
237-134500-0010,237-134500-0010.flac,237,F,134500,3.995,IT'S EXCITING TO SEE EVERYTHING GROWING SO FAST AND TO GET THE GRASS CUT,7777efcd005b5ef03888b8ec650c0dcd20e6b92cdcc7d88c865597b7b0ddc272,https://www.openslr.org/resources/12/test-clean.tar.gz,32fa31d27d2e1cad72775fee3f4849a9,"Panayotov, Chen, Povey and Khudanpur (2015), LibriSpeech; read audiobooks from LibriVox",CC BY 4.0,https://creativecommons.org/licenses/by/4.0/,2026-09-27
237-134500-0014,237-134500-0014.flac,237,F,134500,4.25,AND EMIL MOWED HIS WAY SLOWLY DOWN TOWARD THE CHERRY TREES,48fbfe7b599e8346e14ee0bad2f828d29e3b27a713bc68e5585ba529aaf90466,https://www.openslr.org/resources/12/test-clean.tar.gz,32fa31d27d2e1cad72775fee3f4849a9,"Panayotov, Chen, Povey and Khudanpur (2015), LibriSpeech; read audiobooks from LibriVox",CC BY 4.0,https://creativecommons.org/licenses/by/4.0/,2026-09-27
237-134500-0031,237-134500-0031.flac,237,F,134500,10.61,SOMETIMES I DON'T WANT TO DO ANYTHING AT ALL AND SOMETIMES I WANT TO PULL THE FOUR CORNERS OF THE DIVIDE TOGETHER HE THREW OUT HIS ARM AND BROUGHT IT BACK WITH A JERK SO LIKE A TABLE CLOTH,7456acb116b3a8c6d43c44ebf79a8f7b59f6ed546ffb63ce78a6dc58bb6d5abe,https://www.openslr.org/resources/12/test-clean.tar.gz,32fa31d27d2e1cad72775fee3f4849a9,"Panayotov, Chen, Povey and Khudanpur (2015), LibriSpeech; read audiobooks from LibriVox",CC BY 4.0,https://creativecommons.org/licenses/by/4.0/,2026-09-27
237-134500-0040,237-134500-0040.flac,237,F,134500,4.03,I PRAY FOR YOU BUT THAT'S NOT THE SAME AS IF YOU PRAYED YOURSELF,447eca2d6f73cd2e11becd33de6bdf95be32020ffc2ecd8f958b2f3f288f9f1f,https://www.openslr.org/resources/12/test-clean.tar.gz,32fa31d27d2e1cad72775fee3f4849a9,"Panayotov, Chen, Povey and Khudanpur (2015), LibriSpeech; read audiobooks from LibriVox",CC BY 4.0,https://creativecommons.org/licenses/by/4.0/,2026-09-27
260-123286-0027,260-123286-0027.flac,260,M,123286,7.17,I CAN DISTINGUISH THE EYE OF THE ICHTHYOSAURUS GLOWING LIKE A RED HOT COAL AND AS LARGE AS A MAN'S HEAD,de3c38dd77f66372a27fd7bd9dec7d2aa2eebd9116551c849417c4e6cda052b6,https://www.openslr.org/resources/12/test-clean.tar.gz,32fa31d27d2e1cad72775fee3f4849a9,"Panayotov, Chen, Povey and Khudanpur (2015), LibriSpeech; read audiobooks from LibriVox",CC BY 4.0,https://creativecommons.org/licenses/by/4.0/,2026-09-27
260-123288-0000,260-123288-0000.flac,260,M,123288,3.04,THE ROARINGS BECOME LOST IN THE DISTANCE,abdb09650cbe473d37bfa09a0b8ad0e6d27bb00a07db29d0dc9dd49cd23c1ad0,https://www.openslr.org/resources/12/test-clean.tar.gz,32fa31d27d2e1cad72775fee3f4849a9,"Panayotov, Chen, Povey and Khudanpur (2015), LibriSpeech; read audiobooks from LibriVox",CC BY 4.0,https://creativecommons.org/licenses/by/4.0/,2026-09-27
2830-3980-0023,2830-3980-0023.flac,2830,M,3980,6.16,THESE PERVERTERS OF THE RIGHTEOUSNESS OF CHRIST RESIST THE FATHER AND THE SON AND THE WORKS OF THEM BOTH,2503437bee238b168a6bd391f8d6900717a6f1b744168002bfbfda62060edf7e,https://www.openslr.org/resources/12/test-clean.tar.gz,32fa31d27d2e1cad72775fee3f4849a9,"Panayotov, Chen, Povey and Khudanpur (2015), LibriSpeech; read audiobooks from LibriVox",CC BY 4.0,https://creativecommons.org/licenses/by/4.0/,2026-09-27
2830-3980-0032,2830-3980-0032.flac,2830,M,3980,7.22,WE LOOK FOR THAT REWARD WHICH EYE HATH NOT SEEN NOR EAR HEARD NEITHER HATH ENTERED INTO THE HEART OF MAN,ecb07558c5a85c1b5f10fddd81b49f975518fa76bd4f8c971dc65a2b9fe232f6,https://www.openslr.org/resources/12/test-clean.tar.gz,32fa31d27d2e1cad72775fee3f4849a9,"Panayotov, Chen, Povey and Khudanpur (2015), LibriSpeech; read audiobooks from LibriVox",CC BY 4.0,https://creativecommons.org/licenses/by/4.0/,2026-09-27
2830-3980-0051,2830-3980-0051.flac,2830,M,3980,6.44,WHEN YOU ARGUE ABOUT THE NATURE OF GOD APART FROM THE QUESTION OF JUSTIFICATION YOU MAY BE AS PROFOUND AS YOU LIKE,9158cf9e1b59dca6fe80bbae44fc17845e1ecc3718c7bc37c3cd4aa495246992,https://www.openslr.org/resources/12/test-clean.tar.gz,32fa31d27d2e1cad72775fee3f4849a9,"Panayotov, Chen, Povey and Khudanpur (2015), LibriSpeech; read audiobooks from LibriVox",CC BY 4.0,https://creativecommons.org/licenses/by/4.0/,2026-09-27
2830-3980-0056,2830-3980-0056.flac,2830,M,3980,5.35,OTHERWISE PAUL SHOULD HAVE WRITTEN GRACE FROM GOD THE FATHER AND PEACE FROM OUR LORD JESUS CHRIST,15eb7eb8b6fa7deb7a4eccdd2a2d66d755ac426415bee6211a9a85fbf0cd4afc,https://www.openslr.org/resources/12/test-clean.tar.gz,32fa31d27d2e1cad72775fee3f4849a9,"Panayotov, Chen, Povey and Khudanpur (2015), LibriSpeech; read audiobooks from LibriVox",CC BY 4.0,https://creativecommons.org/licenses/by/4.0/,2026-09-27
2961-961-0001,2961-961-0001.flac,2961,F,961,9.185,AND NOW HE DESIRES TO SEE THE IDEAL STATE SET IN MOTION HE WOULD LIKE TO KNOW HOW SHE BEHAVED IN SOME GREAT STRUGGLE,c689f6135672d44dad93da57d573104bb14393611166ce22ce10c12e019f5d0d,https://www.openslr.org/resources/12/test-clean.tar.gz,32fa31d27d2e1cad72775fee3f4849a9,"Panayotov, Chen, Povey and Khudanpur (2015), LibriSpeech; read audiobooks from LibriVox",CC BY 4.0,https://creativecommons.org/licenses/by/4.0/,2026-09-27
3570-5695-0008,3570-5695-0008.flac,3570,F,5695,6.845,THE QUESTION IS WHICH OF THE TWO METHODS WILL MOST EFFECTIVELY REACH THE PERSONS WHOSE CONVICTIONS IT IS DESIRED TO AFFECT,901f5310de246c3ab39f0e4bb2cdb3d146fce138a04ee415c0286d4a292e1425,https://www.openslr.org/resources/12/test-clean.tar.gz,32fa31d27d2e1cad72775fee3f4849a9,"Panayotov, Chen, Povey and Khudanpur (2015), LibriSpeech; read audiobooks from LibriVox",CC BY 4.0,https://creativecommons.org/licenses/by/4.0/,2026-09-27
3729-6852-0027,3729-6852-0027.flac,3729,F,6852,3.0,THAT IS TRUE BADAUDERIE,88b2037f675749d554c769148f9951c8fb6fa2ea6982442e949f567f97e61c39,https://www.openslr.org/resources/12/test-clean.tar.gz,32fa31d27d2e1cad72775fee3f4849a9,"Panayotov, Chen, Povey and Khudanpur (2015), LibriSpeech; read audiobooks from LibriVox",CC BY 4.0,https://creativecommons.org/licenses/by/4.0/,2026-09-27
3729-6852-0046,3729-6852-0046.flac,3729,F,6852,12.605,HIS HOUSEKEEPER HAD THE MANAGEMENT OF EVERYTHING SHE NEVER ALLOWED HIM TO BE IN NEED OF ANYTHING AND SHE GAVE NO ACCOUNT OF HIS MONEY WHICH SHE KEPT ALTOGETHER BECAUSE HE NEVER ASKED HER TO RENDER ANY ACCOUNTS,37d03e38f13c54b687c82972574931b33a201444ac9f2f811dffa2700520a398,https://www.openslr.org/resources/12/test-clean.tar.gz,32fa31d27d2e1cad72775fee3f4849a9,"Panayotov, Chen, Povey and Khudanpur (2015), LibriSpeech; read audiobooks from LibriVox",CC BY 4.0,https://creativecommons.org/licenses/by/4.0/,2026-09-27
4077-13751-0012,4077-13751-0012.flac,4077,M,13751,12.015,THE LIEUTENANT GOVERNOR LILBURN W BOGGS AFTERWARD GOVERNOR WAS A PRONOUNCED MORMON HATER AND THROUGHOUT THE PERIOD OF THE TROUBLES HE MANIFESTED SYMPATHY WITH THE PERSECUTORS,3ea265aa65ae67bb6074a5952ebcb7b6c65390bee9bedd4ea33ef224ce74d98a,https://www.openslr.org/resources/12/test-clean.tar.gz,32fa31d27d2e1cad72775fee3f4849a9,"Panayotov, Chen, Povey and Khudanpur (2015), LibriSpeech; read audiobooks from LibriVox",CC BY 4.0,https://creativecommons.org/licenses/by/4.0/,2026-09-27
4077-13751-0013,4077-13751-0013.flac,4077,M,13751,4.315,THEIR SUFFERINGS HAVE NEVER YET BEEN FITLY CHRONICLED BY HUMAN SCRIBE,b3e16f623554220cbbe6cf7ef49e65f0d3cc6dde08c407e4a8f40668c25f4ea6,https://www.openslr.org/resources/12/test-clean.tar.gz,32fa31d27d2e1cad72775fee3f4849a9,"Panayotov, Chen, Povey and Khudanpur (2015), LibriSpeech; read audiobooks from LibriVox",CC BY 4.0,https://creativecommons.org/licenses/by/4.0/,2026-09-27
4077-13754-0006,4077-13754-0006.flac,4077,M,13754,12.75,WHAT THE LATTER DAY SAINTS CALL CELESTIAL MARRIAGE IS CHARACTERISTIC OF THE CHURCH AND IS IN VERY GENERAL PRACTISE BUT OF CELESTIAL MARRIAGE PLURALITY OF WIVES WAS AN INCIDENT NEVER AN ESSENTIAL,c36922b62b673ab4b2d9aac66e6cefc93343b150f15d4fbf07b32e848e968db4,https://www.openslr.org/resources/12/test-clean.tar.gz,32fa31d27d2e1cad72775fee3f4849a9,"Panayotov, Chen, Povey and Khudanpur (2015), LibriSpeech; read audiobooks from LibriVox",CC BY 4.0,https://creativecommons.org/licenses/by/4.0/,2026-09-27
4077-13754-0016,4077-13754-0016.flac,4077,M,13754,11.895,AND SO THE STORY OF MORMONISM RUNS ON ITS FINALE HAS NOT YET BEEN WRITTEN THE CURRENT PRESS PRESENTS CONTINUOUSLY NEW STAGES OF ITS PROGRESS NEW DEVELOPMENTS OF ITS PLAN,eb6b5e4d1abb87145513081abcd445e329b125cd89187eaab056c3e196ef3517,https://www.openslr.org/resources/12/test-clean.tar.gz,32fa31d27d2e1cad72775fee3f4849a9,"Panayotov, Chen, Povey and Khudanpur (2015), LibriSpeech; read audiobooks from LibriVox",CC BY 4.0,https://creativecommons.org/licenses/by/4.0/,2026-09-27
4446-2271-0010,4446-2271-0010.flac,4446,F,2271,3.135,HE'S ANOTHER WHO'S AWFULLY KEEN ABOUT HER LET ME INTRODUCE YOU,a4aba6906d83c336b7bb5148b4ddd9ba66400f1ac2bae89f8059d40683dfc638,https://www.openslr.org/resources/12/test-clean.tar.gz,32fa31d27d2e1cad72775fee3f4849a9,"Panayotov, Chen, Povey and Khudanpur (2015), LibriSpeech; read audiobooks from LibriVox",CC BY 4.0,https://creativecommons.org/licenses/by/4.0/,2026-09-27
4446-2273-0021,4446-2273-0021.flac,4446,F,2273,5.255,WHAT SHE WANTED FROM US WAS NEITHER OUR FLOWERS NOR OUR FRANCS BUT JUST OUR YOUTH,6cd7fdaffe4df071f2addce0b7c1594e7b7c3bad020ad4a97247f9bd4c990c0e,https://www.openslr.org/resources/12/test-clean.tar.gz,32fa31d27d2e1cad72775fee3f4849a9,"Panayotov, Chen, Povey and Khudanpur (2015), LibriSpeech; read audiobooks from LibriVox",CC BY 4.0,https://creativecommons.org/licenses/by/4.0/,2026-09-27
4446-2275-0012,4446-2275-0012.flac,4446,F,2275,6.025,SHE LOOKED AT HIS HEAVY SHOULDERS AND BIG DETERMINED HEAD THRUST FORWARD LIKE A CATAPULT IN LEASH,eea80fd0323aa9a30972ad2a7877ee755045af9e711342e26e0816e4b6c482f3,https://www.openslr.org/resources/12/test-clean.tar.gz,32fa31d27d2e1cad72775fee3f4849a9,"Panayotov, Chen, Povey and Khudanpur (2015), LibriSpeech; read audiobooks from LibriVox",CC BY 4.0,https://creativecommons.org/licenses/by/4.0/,2026-09-27
4446-2275-0032,4446-2275-0032.flac,4446,F,2275,3.245,BUT I DIDN'T KNOW YOU'VE ONLY TO TELL ME NOW,2239a02b27faeb79d7034e5f2407193cf2549d03d21fcc47c05d10d259b2343a,https://www.openslr.org/resources/12/test-clean.tar.gz,32fa31d27d2e1cad72775fee3f4849a9,"Panayotov, Chen, Povey and Khudanpur (2015), LibriSpeech; read audiobooks from LibriVox",CC BY 4.0,https://creativecommons.org/licenses/by/4.0/,2026-09-27
4507-16021-0022,4507-16021-0022.flac,4507,F,16021,6.2,THERE IS THE SLANG OF THE AFFECTED LADY AS WELL AS OF THE PRECIEUSES,584a65245392a2f94850a9973a2f17b62c40970d0cb749ebfe23ac0a9001d610,https://www.openslr.org/resources/12/test-clean.tar.gz,32fa31d27d2e1cad72775fee3f4849a9,"Panayotov, Chen, Povey and Khudanpur (2015), LibriSpeech; read audiobooks from LibriVox",CC BY 4.0,https://creativecommons.org/licenses/by/4.0/,2026-09-27
4507-16021-0056,4507-16021-0056.flac,4507,F,16021,6.345,HOWEVER HE WHO SAYS LIGHT DOES NOT NECESSARILY SAY JOY,0685dcf722b8ff81781bcea06d5da6e8c8f6af4b32c6797f92125687303cf5c8,https://www.openslr.org/resources/12/test-clean.tar.gz,32fa31d27d2e1cad72775fee3f4849a9,"Panayotov, Chen, Povey and Khudanpur (2015), LibriSpeech; read audiobooks from LibriVox",CC BY 4.0,https://creativecommons.org/licenses/by/4.0/,2026-09-27
4970-29095-0005,4970-29095-0005.flac,4970,F,29095,4.65,THY WAYS GREATLY TRY ME RUTH AND ALL THY RELATIONS,57fca4e6855df26e3622369cc9a0464f1ec3e48bb5ca8e03b83378fbd29fde17,https://www.openslr.org/resources/12/test-clean.tar.gz,32fa31d27d2e1cad72775fee3f4849a9,"Panayotov, Chen, Povey and Khudanpur (2015), LibriSpeech; read audiobooks from LibriVox",CC BY 4.0,https://creativecommons.org/licenses/by/4.0/,2026-09-27
4970-29095-0037,4970-29095-0037.flac,4970,F,29095,6.885,BUT THAT WISE AND PLACID WOMAN UNDERSTOOD THE SWEET REBEL A GREAT DEAL BETTER THAN RUTH UNDERSTOOD HERSELF,8fce9c9dcd0552664b4ebaf4e854afff1029f05e07c8db413bbced4b175289e2,https://www.openslr.org/resources/12/test-clean.tar.gz,32fa31d27d2e1cad72775fee3f4849a9,"Panayotov, Chen, Povey and Khudanpur (2015), LibriSpeech; read audiobooks from LibriVox",CC BY 4.0,https://creativecommons.org/licenses/by/4.0/,2026-09-27
4992-23283-0002,4992-23283-0002.flac,4992,F,23283,3.12,SAID MISSUS HORTON A FEW MINUTES AFTER,e2ccee123787ab314ed415cfb3f868b3cfbed28357e57eba158d98d765df4735,https://www.openslr.org/resources/12/test-clean.tar.gz,32fa31d27d2e1cad72775fee3f4849a9,"Panayotov, Chen, Povey and Khudanpur (2015), LibriSpeech; read audiobooks from LibriVox",CC BY 4.0,https://creativecommons.org/licenses/by/4.0/,2026-09-27
4992-41806-0016,4992-41806-0016.flac,4992,F,41806,15.76,THE FACE OF THE MAHOGANY SHONE WITH DELIGHT AND WHY NOT WHEN IT WAS DOING EVERYTHING ALMOST EVERYTHING WITHIN THE SCOPE OF A PIANO AND YET THE FAMILY HAD ENJOYED WEEKS OF GOOD NOURISHING MEALS ON WHAT HAD BEEN SAVED BY ITS EXERTIONS,3a46bccca163665e043ccdbbee689c45dfdcc50e6b3c302deb32db5275edc9fa,https://www.openslr.org/resources/12/test-clean.tar.gz,32fa31d27d2e1cad72775fee3f4849a9,"Panayotov, Chen, Povey and Khudanpur (2015), LibriSpeech; read audiobooks from LibriVox",CC BY 4.0,https://creativecommons.org/licenses/by/4.0/,2026-09-27
5105-28240-0021,5105-28240-0021.flac,5105,M,28240,12.455,BEFORE STARTING IT WAS INDISPENSABLE THAT THE ENGINE OF THE DOBRYNA SHOULD BE REPAIRED TO SAIL UNDER CANVAS ONLY WOULD IN CONTRARY WINDS AND ROUGH SEAS BE BOTH TEDIOUS AND DIFFICULT,25076befcfdf3f8c41532e7a0a8b52e0ce42ea98e4cc750d75d54661e3b0ff28,https://www.openslr.org/resources/12/test-clean.tar.gz,32fa31d27d2e1cad72775fee3f4849a9,"Panayotov, Chen, Povey and Khudanpur (2015), LibriSpeech; read audiobooks from LibriVox",CC BY 4.0,https://creativecommons.org/licenses/by/4.0/,2026-09-27
5142-33396-0008,5142-33396-0008.flac,5142,F,33396,2.11,I PAINTED THE EYES RED FOR ANGER,16083f940863933e46d194009ebed0ae4bf6bb3170e1ded1364008d5337b1f2a,https://www.openslr.org/resources/12/test-clean.tar.gz,32fa31d27d2e1cad72775fee3f4849a9,"Panayotov, Chen, Povey and Khudanpur (2015), LibriSpeech; read audiobooks from LibriVox",CC BY 4.0,https://creativecommons.org/licenses/by/4.0/,2026-09-27
5142-33396-0054,5142-33396-0054.flac,5142,F,33396,5.745,THAT IS THE BEST WAY TO DECIDE FOR THE SPEAR WILL ALWAYS POINT SOMEWHERE AND ONE THING IS AS GOOD AS ANOTHER,4416a0fd2c34f5f38f6af918599488e931fa3f477418bf3ed0f0f0c4f6a2e0c7,https://www.openslr.org/resources/12/test-clean.tar.gz,32fa31d27d2e1cad72775fee3f4849a9,"Panayotov, Chen, Povey and Khudanpur (2015), LibriSpeech; read audiobooks from LibriVox",CC BY 4.0,https://creativecommons.org/licenses/by/4.0/,2026-09-27
5639-40744-0018,5639-40744-0018.flac,5639,M,40744,15.415,THAT WOULD BE VERY WELL MY CHILD REPLIED HER FATHER IF YOUR PLAN WERE NOT LIABLE TO BE FRUSTRATED BY ORDINARY CUNNING BUT NO DOUBT THIS IMAGE HAS BEEN ALREADY MISSED BY ITS OWNER AND HE WILL HAVE SET IT DOWN FOR CERTAIN THAT IT WAS TAKEN OUT OF THE ROOM BY THE PERSON HE LOCKED UP THERE,a90075fb41e79b86c999ff4c4b4af2b553804e4e80a555a9981a53509fa98ef4,https://www.openslr.org/resources/12/test-clean.tar.gz,32fa31d27d2e1cad72775fee3f4849a9,"Panayotov, Chen, Povey and Khudanpur (2015), LibriSpeech; read audiobooks from LibriVox",CC BY 4.0,https://creativecommons.org/licenses/by/4.0/,2026-09-27
5639-40744-0023,5639-40744-0023.flac,5639,M,40744,13.92,WHEN THE BOY WALKED THROUGH THE STREETS BLESSINGS WERE SHOWERED UPON HIM BY ALL WHO SAW HIM BLESSINGS UPON HIS BEAUTY UPON THE MOTHER THAT BORE HIM UPON THE FATHER THAT BEGOT HIM UPON THOSE WHO BROUGHT HIM UP SO WELL,dd277d4b42ef738b14b59fa1d835988e71ec031e2f01d024279202edc26ad9c0,https://www.openslr.org/resources/12/test-clean.tar.gz,32fa31d27d2e1cad72775fee3f4849a9,"Panayotov, Chen, Povey and Khudanpur (2015), LibriSpeech; read audiobooks from LibriVox",CC BY 4.0,https://creativecommons.org/licenses/by/4.0/,2026-09-27
61-70968-0001,61-70968-0001.flac,61,M,70968,3.61,GIVE NOT SO EARNEST A MIND TO THESE MUMMERIES CHILD,2f7236fa44f194f03b04571f94fd56cc99253f5d41496bff3476c3390dd20524,https://www.openslr.org/resources/12/test-clean.tar.gz,32fa31d27d2e1cad72775fee3f4849a9,"Panayotov, Chen, Povey and Khudanpur (2015), LibriSpeech; read audiobooks from LibriVox",CC BY 4.0,https://creativecommons.org/licenses/by/4.0/,2026-09-27
61-70968-0018,61-70968-0018.flac,61,M,70968,2.405,SO I DID PUSH THIS FELLOW,2c745d73faa813d8c7f2921d97922175bc1d39f7dd3e5a93ccb7b6a72b79d327,https://www.openslr.org/resources/12/test-clean.tar.gz,32fa31d27d2e1cad72775fee3f4849a9,"Panayotov, Chen, Povey and Khudanpur (2015), LibriSpeech; read audiobooks from LibriVox",CC BY 4.0,https://creativecommons.org/licenses/by/4.0/,2026-09-27
61-70968-0027,61-70968-0027.flac,61,M,70968,6.87,ROBIN AND THE LITTLE TUMBLER BETWEEN THEM TRIED TO FORCE THE SQUIRE TO STAND BACK AND VERY VALIANTLY DID THESE TWO COMPORT THEMSELVES,dd46f8fc38ffa48da18df22f45216305a2e12829c9a51eff000aa20ac44b7c3f,https://www.openslr.org/resources/12/test-clean.tar.gz,32fa31d27d2e1cad72775fee3f4849a9,"Panayotov, Chen, Povey and Khudanpur (2015), LibriSpeech; read audiobooks from LibriVox",CC BY 4.0,https://creativecommons.org/licenses/by/4.0/,2026-09-27
61-70968-0056,61-70968-0056.flac,61,M,70968,3.565,THE WINE DID CERTAINLY BRING BACK THE COLOR TO THE SQUIRE'S CHEEKS,ad6aa08b1a06e078707b8590ece66a4417b20a49b6fedf90e918e23fca6f93c9,https://www.openslr.org/resources/12/test-clean.tar.gz,32fa31d27d2e1cad72775fee3f4849a9,"Panayotov, Chen, Povey and Khudanpur (2015), LibriSpeech; read audiobooks from LibriVox",CC BY 4.0,https://creativecommons.org/licenses/by/4.0/,2026-09-27
61-70968-0058,61-70968-0058.flac,61,M,70968,1.82,WILL YOU FORGIVE ME NOW,12b9a1276a8e5fb4f40680a5be4b2a5bec7b6c43fcb9347eaa3ce7adea69e4d7,https://www.openslr.org/resources/12/test-clean.tar.gz,32fa31d27d2e1cad72775fee3f4849a9,"Panayotov, Chen, Povey and Khudanpur (2015), LibriSpeech; read audiobooks from LibriVox",CC BY 4.0,https://creativecommons.org/licenses/by/4.0/,2026-09-27
61-70970-0025,61-70970-0025.flac,61,M,70970,7.435,THEY WERE UPON THE VERGE OF AN OPEN TRAP IN THE FAR CORNER OF THE HUT AND STUTELEY HAD TRIPPED OVER THE EDGE OF THE REVERSED FLAP MOUTH OF THIS PIT,f9edb4b75f32ee57745410a6390948bab38225cc0bce50e6f1f228f6657b2b38,https://www.openslr.org/resources/12/test-clean.tar.gz,32fa31d27d2e1cad72775fee3f4849a9,"Panayotov, Chen, Povey and Khudanpur (2015), LibriSpeech; read audiobooks from LibriVox",CC BY 4.0,https://creativecommons.org/licenses/by/4.0/,2026-09-27
61-70970-0032,61-70970-0032.flac,61,M,70970,3.135,ENQUIRED ROBIN WITH HIS SUSPICIONS STILL UPON HIM,e8b9ad5e25934213c75f4b04016ff1ca67564c74994e1ce748fadfef00e070e4,https://www.openslr.org/resources/12/test-clean.tar.gz,32fa31d27d2e1cad72775fee3f4849a9,"Panayotov, Chen, Povey and Khudanpur (2015), LibriSpeech; read audiobooks from LibriVox",CC BY 4.0,https://creativecommons.org/licenses/by/4.0/,2026-09-27
672-122797-0054,672-122797-0054.flac,672,M,122797,4.25,I KNOW NO SUCH PLACE SAID THE TREE,136e3dff77465fab36213f28d3c51d8b3e6917d6f7d603aa5c2cfb2ba9671613,https://www.openslr.org/resources/12/test-clean.tar.gz,32fa31d27d2e1cad72775fee3f4849a9,"Panayotov, Chen, Povey and Khudanpur (2015), LibriSpeech; read audiobooks from LibriVox",CC BY 4.0,https://creativecommons.org/licenses/by/4.0/,2026-09-27
672-122797-0060,672-122797-0060.flac,672,M,122797,3.35,IT IS A VERY STUPID STORY,f5cea04f46b058da4f0b9dcaacd0b4f7412eeb914dc446e611619317c7769c66,https://www.openslr.org/resources/12/test-clean.tar.gz,32fa31d27d2e1cad72775fee3f4849a9,"Panayotov, Chen, Povey and Khudanpur (2015), LibriSpeech; read audiobooks from LibriVox",CC BY 4.0,https://creativecommons.org/licenses/by/4.0/,2026-09-27
672-122797-0061,672-122797-0061.flac,672,M,122797,7.59,DON'T YOU KNOW ONE ABOUT BACON AND TALLOW CANDLES CAN'T YOU TELL ANY LARDER STORIES,aa346ec301bf17ffe68dac93fae7868403c226e72e2da785f8d019625ae5433a,https://www.openslr.org/resources/12/test-clean.tar.gz,32fa31d27d2e1cad72775fee3f4849a9,"Panayotov, Chen, Povey and Khudanpur (2015), LibriSpeech; read audiobooks from LibriVox",CC BY 4.0,https://creativecommons.org/licenses/by/4.0/,2026-09-27
6829-68769-0009,6829-68769-0009.flac,6829,F,68769,4.22,THEY WERE RECEIVED IN THE LITTLE OFFICE BY A MAN NAMED MARKHAM WHO WAS THE JAILER,109d8f0288067d190507959fa491ec08bea2af662d4eac3f8b17bdd8050a12de,https://www.openslr.org/resources/12/test-clean.tar.gz,32fa31d27d2e1cad72775fee3f4849a9,"Panayotov, Chen, Povey and Khudanpur (2015), LibriSpeech; read audiobooks from LibriVox",CC BY 4.0,https://creativecommons.org/licenses/by/4.0/,2026-09-27
6829-68769-0048,6829-68769-0048.flac,6829,F,68769,6.495,GIVE ME A CHECK FOR A HUNDRED AND FIFTY AND I'LL TURN OVER TO YOU THE FORGED CHECK AND QUASH FURTHER PROCEEDINGS,6e7da704944dfa9923b8c05882572c994aa1b9172f638cc8168042a8f3dea5d5,https://www.openslr.org/resources/12/test-clean.tar.gz,32fa31d27d2e1cad72775fee3f4849a9,"Panayotov, Chen, Povey and Khudanpur (2015), LibriSpeech; read audiobooks from LibriVox",CC BY 4.0,https://creativecommons.org/licenses/by/4.0/,2026-09-27
6930-75918-0020,6930-75918-0020.flac,6930,M,75918,14.4,BRAGELONNE WATCHED FOR SOME TIME THE CONDUCT OF THE TWO LOVERS LISTENED TO THE LOUD AND UNCIVIL SLUMBERS OF MANICAMP WHO SNORED AS IMPERIOUSLY AS THOUGH HE WAS WEARING HIS BLUE AND GOLD INSTEAD OF HIS VIOLET SUIT,30c19b924b666897aca99c621b821b82c69084a04140776770e86109129869ac,https://www.openslr.org/resources/12/test-clean.tar.gz,32fa31d27d2e1cad72775fee3f4849a9,"Panayotov, Chen, Povey and Khudanpur (2015), LibriSpeech; read audiobooks from LibriVox",CC BY 4.0,https://creativecommons.org/licenses/by/4.0/,2026-09-27
6930-76324-0025,6930-76324-0025.flac,6930,M,76324,4.12,WHY IT'S GOLIATH AS USUAL THEY BOTH CRIED PEERING IN,0a881d418ec0db28711b47473c9578ee4809821c7ae807a7248149f704ec7601,https://www.openslr.org/resources/12/test-clean.tar.gz,32fa31d27d2e1cad72775fee3f4849a9,"Panayotov, Chen, Povey and Khudanpur (2015), LibriSpeech; read audiobooks from LibriVox",CC BY 4.0,https://creativecommons.org/licenses/by/4.0/,2026-09-27
6930-81414-0026,6930-81414-0026.flac,6930,M,81414,3.075,MY OVERWROUGHT NERVES YIELDED AT LAST,84048bb63a1968e9856f38f430d293fd5036cc1b8c31312f3aff96d087732145,https://www.openslr.org/resources/12/test-clean.tar.gz,32fa31d27d2e1cad72775fee3f4849a9,"Panayotov, Chen, Povey and Khudanpur (2015), LibriSpeech; read audiobooks from LibriVox",CC BY 4.0,https://creativecommons.org/licenses/by/4.0/,2026-09-27
7021-79740-0006,7021-79740-0006.flac,7021,M,79740,5.965,I EXPECT YOU HAVE BEEN A VERY GOOD GIRL ANDELLA SINCE YOU WERE HERE LAST,f8a1fabe1162a7d0bdf537ed51b685514adc3bb1ce088b69e1ed0864461f7818,https://www.openslr.org/resources/12/test-clean.tar.gz,32fa31d27d2e1cad72775fee3f4849a9,"Panayotov, Chen, Povey and Khudanpur (2015), LibriSpeech; read audiobooks from LibriVox",CC BY 4.0,https://creativecommons.org/licenses/by/4.0/,2026-09-27
7127-75946-0019,7127-75946-0019.flac,7127,M,75946,2.635,YES IT IS SUPPRESSED,4e008fbd96b35a6c4455f8ac7106c683b16e7a2c37bd0cf6dcfa508a4ec56dc1,https://www.openslr.org/resources/12/test-clean.tar.gz,32fa31d27d2e1cad72775fee3f4849a9,"Panayotov, Chen, Povey and Khudanpur (2015), LibriSpeech; read audiobooks from LibriVox",CC BY 4.0,https://creativecommons.org/licenses/by/4.0/,2026-09-27
7176-88083-0010,7176-88083-0010.flac,7176,M,88083,6.74,THE CAT GROWLED SOFTLY PICKED UP THE PRIZE IN HER JAWS AND TROTTED INTO THE BUSHES TO DEVOUR IT,3afbf7d652b9a7af26df6c0ca8c23f06aede2e0b68886201e1427c46eea75c7d,https://www.openslr.org/resources/12/test-clean.tar.gz,32fa31d27d2e1cad72775fee3f4849a9,"Panayotov, Chen, Povey and Khudanpur (2015), LibriSpeech; read audiobooks from LibriVox",CC BY 4.0,https://creativecommons.org/licenses/by/4.0/,2026-09-27
7176-92135-0020,7176-92135-0020.flac,7176,M,92135,7.165,DOUBLE NINE TWO THREE ELSINORE DOUBLE NINE YES HALLO IS THAT YOU HORATIO HAMLET SPEAKING,4b3aada56514f4bad5830b655bf6f2165ab9c3496f054a0a8757cbde160e030a,https://www.openslr.org/resources/12/test-clean.tar.gz,32fa31d27d2e1cad72775fee3f4849a9,"Panayotov, Chen, Povey and Khudanpur (2015), LibriSpeech; read audiobooks from LibriVox",CC BY 4.0,https://creativecommons.org/licenses/by/4.0/,2026-09-27
7176-92135-0044,7176-92135-0044.flac,7176,M,92135,5.175,BUT IT IS THE CIGARETTE WHICH CHIEFLY HAS BROUGHT THE MODERN DRAMA TO ITS PRESENT STATE OF PERFECTION,e3b9b5b9ba9d7735acfe2825bade487714cdc72555b0f341d7ebbf8375ddac27,https://www.openslr.org/resources/12/test-clean.tar.gz,32fa31d27d2e1cad72775fee3f4849a9,"Panayotov, Chen, Povey and Khudanpur (2015), LibriSpeech; read audiobooks from LibriVox",CC BY 4.0,https://creativecommons.org/licenses/by/4.0/,2026-09-27
7729-102255-0020,7729-102255-0020.flac,7729,M,102255,10.975,THE INCIDENT WAS NOT VIOLENT NOR EVEN DRAMATIC NO POSSE WAS SUMMONED NO FURTHER EFFORT MADE AND REEDER FEARING PERSONAL VIOLENCE SOON FLED IN DISGUISE,ffddd15523fb77ed324e215daea035a5f038c804e5c511c7bd9cce31eca8303d,https://www.openslr.org/resources/12/test-clean.tar.gz,32fa31d27d2e1cad72775fee3f4849a9,"Panayotov, Chen, Povey and Khudanpur (2015), LibriSpeech; read audiobooks from LibriVox",CC BY 4.0,https://creativecommons.org/licenses/by/4.0/,2026-09-27
7729-102255-0035,7729-102255-0035.flac,7729,M,102255,5.625,THE MILITARY FORCE PARTLY RABBLE PARTLY ORGANIZED HAD MEANWHILE MOVED INTO THE TOWN,2d69fe4e3bea3159c3bc0f917741fca6fefca5306ec2e422d1356592e9bff8d0,https://www.openslr.org/resources/12/test-clean.tar.gz,32fa31d27d2e1cad72775fee3f4849a9,"Panayotov, Chen, Povey and Khudanpur (2015), LibriSpeech; read audiobooks from LibriVox",CC BY 4.0,https://creativecommons.org/licenses/by/4.0/,2026-09-27
8224-274381-0009,8224-274381-0009.flac,8224,M,274381,28.41,THIS SEVERITY BY WHICH MONTROSE SULLIED HIS VICTORIES WAS THE RESULT OF PRIVATE ANIMOSITY AGAINST THE CHIEFTAIN AS MUCH AS OF ZEAL FOR THE PUBLIC CAUSE ARGYLE COLLECTING THREE THOUSAND MEN MARCHED IN QUEST OF THE ENEMY WHO HAD RETIRED WITH THEIR PLUNDER AND HE LAY AT INNERLOCHY SUPPOSING HIMSELF STILL AT A CONSIDERABLE DISTANCE FROM THEM,56e373d389f63e91a38331f17ed3a82c75030fc1982621842d29bc99b1eef2b2,https://www.openslr.org/resources/12/test-clean.tar.gz,32fa31d27d2e1cad72775fee3f4849a9,"Panayotov, Chen, Povey and Khudanpur (2015), LibriSpeech; read audiobooks from LibriVox",CC BY 4.0,https://creativecommons.org/licenses/by/4.0/,2026-09-27
8230-279154-0015,8230-279154-0015.flac,8230,M,279154,8.05,THEY MUST HAVE SOME CHARACTERISTIC WHICH MAKES US REGARD THEM AS REFERRING TO MORE OR LESS REMOTE PORTIONS OF THE PAST,ca4797c1e6374af1f26c63c4b0842ff58829ab87f4ab8db835c6dff5817691ba,https://www.openslr.org/resources/12/test-clean.tar.gz,32fa31d27d2e1cad72775fee3f4849a9,"Panayotov, Chen, Povey and Khudanpur (2015), LibriSpeech; read audiobooks from LibriVox",CC BY 4.0,https://creativecommons.org/licenses/by/4.0/,2026-09-27
8230-279154-0027,8230-279154-0027.flac,8230,M,279154,11.135,A GRAMOPHONE BY THE HELP OF SUITABLE RECORDS MIGHT RELATE TO US THE INCIDENTS OF ITS PAST AND PEOPLE ARE NOT SO DIFFERENT FROM GRAMOPHONES AS THEY LIKE TO BELIEVE,0d1e29a6585f1a97086202b033811bbad04006dfa0de32d93f28540d413d7588,https://www.openslr.org/resources/12/test-clean.tar.gz,32fa31d27d2e1cad72775fee3f4849a9,"Panayotov, Chen, Povey and Khudanpur (2015), LibriSpeech; read audiobooks from LibriVox",CC BY 4.0,https://creativecommons.org/licenses/by/4.0/,2026-09-27
8230-279154-0030,8230-279154-0030.flac,8230,M,279154,7.28,SEMON'S TWO BOOKS MENTIONED IN AN EARLIER LECTURE DO NOT TOUCH KNOWLEDGE MEMORY AT ALL CLOSELY,e4d2135d0a8829fea5bfcf9543ebac1f026e840018a21b1d4672b355caa94e37,https://www.openslr.org/resources/12/test-clean.tar.gz,32fa31d27d2e1cad72775fee3f4849a9,"Panayotov, Chen, Povey and Khudanpur (2015), LibriSpeech; read audiobooks from LibriVox",CC BY 4.0,https://creativecommons.org/licenses/by/4.0/,2026-09-27
8230-279154-0042,8230-279154-0042.flac,8230,M,279154,18.76,THUS IF I RECOGNIZE A THING THE OCCASION OF ITS PREVIOUS EXISTENCE IN VIRTUE OF WHICH I RECOGNIZE IT FORMS PART OF MY EXPERIENCE BY DEFINITION RECOGNITION WILL BE ONE OF THE MARKS BY WHICH MY EXPERIENCE IS SINGLED OUT FROM THE REST OF THE WORLD,1325f640cc7a638c868600dfd6b0f24e2c49415ee823e89e2e95ce991c7a2b4a,https://www.openslr.org/resources/12/test-clean.tar.gz,32fa31d27d2e1cad72775fee3f4849a9,"Panayotov, Chen, Povey and Khudanpur (2015), LibriSpeech; read audiobooks from LibriVox",CC BY 4.0,https://creativecommons.org/licenses/by/4.0/,2026-09-27
8455-210777-0005,8455-210777-0005.flac,8455,M,210777,5.685,WE HAVE OUR LITTLE STRUGGLES HERE AS ELSEWHERE AND ALL THINGS CANNOT BE DONE BY ROSE WATER,d010d9656d40f57fb14d176f45813ce4bbef11eca9e89bf8226bafd3950fd5b5,https://www.openslr.org/resources/12/test-clean.tar.gz,32fa31d27d2e1cad72775fee3f4849a9,"Panayotov, Chen, Povey and Khudanpur (2015), LibriSpeech; read audiobooks from LibriVox",CC BY 4.0,https://creativecommons.org/licenses/by/4.0/,2026-09-27
8455-210777-0022,8455-210777-0022.flac,8455,M,210777,16.36,OF WHAT MISSUS NEVERBEND HAD GONE THROUGH IN PROVIDING BIRDS BEASTS AND FISHES NOT TO TALK OF TARTS AND JELLIES FOR THE DINNER OF THAT DAY NO ONE BUT MYSELF CAN HAVE ANY IDEA BUT IT MUST BE ADMITTED THAT SHE ACCOMPLISHED HER TASK WITH THOROUGH SUCCESS,9d0e54a8fbe29efe04a95df8325f88d4f3e3b7a40ef5dbfe00464cdac6a36855,https://www.openslr.org/resources/12/test-clean.tar.gz,32fa31d27d2e1cad72775fee3f4849a9,"Panayotov, Chen, Povey and Khudanpur (2015), LibriSpeech; read audiobooks from LibriVox",CC BY 4.0,https://creativecommons.org/licenses/by/4.0/,2026-09-27
8463-287645-0011,8463-287645-0011.flac,8463,F,287645,6.38,SHE WAS A LARGE HOMELY WOMAN THEY WERE COMMON WHITE PEOPLE WITH NO REPUTATION IN THE COMMUNITY,38de493555c24aa5a69bfe57bf48586b42fd820710a94d9e8e7aec4ee0d38db4,https://www.openslr.org/resources/12/test-clean.tar.gz,32fa31d27d2e1cad72775fee3f4849a9,"Panayotov, Chen, Povey and Khudanpur (2015), LibriSpeech; read audiobooks from LibriVox",CC BY 4.0,https://creativecommons.org/licenses/by/4.0/,2026-09-27
8463-294825-0000,8463-294825-0000.flac,8463,F,294825,2.695,IT'S ALMOST BEYOND CONJECTURE,22f91479f9e3a69d334e8c861bf5e42258bff2aadf7fd60473c8f53ce72e4cc6,https://www.openslr.org/resources/12/test-clean.tar.gz,32fa31d27d2e1cad72775fee3f4849a9,"Panayotov, Chen, Povey and Khudanpur (2015), LibriSpeech; read audiobooks from LibriVox",CC BY 4.0,https://creativecommons.org/licenses/by/4.0/,2026-09-27
8463-294828-0021,8463-294828-0021.flac,8463,F,294828,2.735,A ROUTE SLIGHTLY LESS DIRECT THAT'S ALL,116f4921a0ec230c6b6d24176c9381e005edcd66d71b6e373427d3ead27253c2,https://www.openslr.org/resources/12/test-clean.tar.gz,32fa31d27d2e1cad72775fee3f4849a9,"Panayotov, Chen, Povey and Khudanpur (2015), LibriSpeech; read audiobooks from LibriVox",CC BY 4.0,https://creativecommons.org/licenses/by/4.0/,2026-09-27
8463-294828-0026,8463-294828-0026.flac,8463,F,294828,2.745,WE HAVE A COMMANDER WHO'S GAME FOR ANYTHING,1a1a246ef4d3edf51397821e09e6319ca479744ca1960cd048171db37693bb56,https://www.openslr.org/resources/12/test-clean.tar.gz,32fa31d27d2e1cad72775fee3f4849a9,"Panayotov, Chen, Povey and Khudanpur (2015), LibriSpeech; read audiobooks from LibriVox",CC BY 4.0,https://creativecommons.org/licenses/by/4.0/,2026-09-27
8555-284447-0016,8555-284447-0016.flac,8555,F,284447,2.11,FINE GLORIOUS,d8bd5bdd4b9ccf1873d95dd830d5af72cdc265d91bb342638c78e3d22c950689,https://www.openslr.org/resources/12/test-clean.tar.gz,32fa31d27d2e1cad72775fee3f4849a9,"Panayotov, Chen, Povey and Khudanpur (2015), LibriSpeech; read audiobooks from LibriVox",CC BY 4.0,https://creativecommons.org/licenses/by/4.0/,2026-09-27
8555-284449-0012,8555-284449-0012.flac,8555,F,284449,9.87,I'LL GLADLY DO THAT PROMISED THE NEW BOOLOOROO AND I'LL FEED THE HONORABLE GOAT ALL THE SHAVINGS AND LEATHER AND TIN CANS HE CAN EAT BESIDES THE GRASS,4f3619cc559f4231780404a03890a1a811e6f4a48d53c054c426d3f40011ee91,https://www.openslr.org/resources/12/test-clean.tar.gz,32fa31d27d2e1cad72775fee3f4849a9,"Panayotov, Chen, Povey and Khudanpur (2015), LibriSpeech; read audiobooks from LibriVox",CC BY 4.0,https://creativecommons.org/licenses/by/4.0/,2026-09-27
908-157963-0019,908-157963-0019.flac,908,M,157963,21.44,IT IS TO TENFOLD LIFE TO LOVE TO PEACE AND RAPTURES HOLY UNSEEN DESCENDING WEIGH MY LIGHT WINGS UPON BALMY FLOWERS AND COURT THE FAIR EYED DEW TO TAKE ME TO HER SHINING TENT THE WEEPING VIRGIN TREMBLING KNEELS BEFORE THE RISEN SUN,7f2dd7bf044c61e65d8cc7b34e0cfcae53f93484ee6ddf404c1f57e179b7c714,https://www.openslr.org/resources/12/test-clean.tar.gz,32fa31d27d2e1cad72775fee3f4849a9,"Panayotov, Chen, Povey and Khudanpur (2015), LibriSpeech; read audiobooks from LibriVox",CC BY 4.0,https://creativecommons.org/licenses/by/4.0/,2026-09-27
908-31957-0019,908-31957-0019.flac,908,M,31957,9.54,THOU CANST WAIT THROUGH SORROW AND SICKNESS TO BRING SOULS TO TOUCH AND THINK IT SOON WHEN OTHERS CRY TOO LATE,4083f4385a3c4c9b46fdc9ddaf10d7f1a82f53b257437996aeab00d72e4d866f,https://www.openslr.org/resources/12/test-clean.tar.gz,32fa31d27d2e1cad72775fee3f4849a9,"Panayotov, Chen, Povey and Khudanpur (2015), LibriSpeech; read audiobooks from LibriVox",CC BY 4.0,https://creativecommons.org/licenses/by/4.0/,2026-09-27
908-31957-0021,908-31957-0021.flac,908,M,31957,10.905,OH TO SHOOT MY SOUL'S FULL MEANING INTO FUTURE YEARS THAT THEY SHOULD LEND IT UTTERANCE AND SALUTE LOVE THAT ENDURES FROM LIFE THAT DISAPPEARS,72c362947dd01bb0ec9010c9412a7cd8ff487be65c9fc94c7d34131fe853726f,https://www.openslr.org/resources/12/test-clean.tar.gz,32fa31d27d2e1cad72775fee3f4849a9,"Panayotov, Chen, Povey and Khudanpur (2015), LibriSpeech; read audiobooks from LibriVox",CC BY 4.0,https://creativecommons.org/licenses/by/4.0/,2026-09-27
