clip_id,file,type,duration_s,has_speech,audio,has_on_screen_text,on_screen_text,static_shot,contains_image_from_A,source,source_nasa_id,source_start_s,source_end_s,source_url,licence,topic,n_lines,n_mismatched,voice,script
E01,E01.mp4,narrated_match,45.0,yes,narration,no,,yes,,fog_vab,KSC-20200713-MH-JBS01-0001-Creative_Videography_Fog_Rolling_Over_VAB_Timelapse-3254205,11,56,https://images.nasa.gov/details/KSC-20200713-MH-JBS01-0001-Creative_Videography_Fog_Rolling_Over_VAB_Timelapse-3254205,"Public domain: NASA media, not subject to copyright in the United States",weather,4,0,Microsoft Zira Desktop,Thick fog hides a tall building. The fog lifts and the tall building comes into view. A large flag is painted on the side of the building. Green grass stretches in front of it under a blue sky.
E02,E02.mp4,narrated_mismatch,45.0,yes,narration,no,,yes,,pad_timelapse,KSC-20190826-MH-KLS01_0001-LH2_Time_Lapse_of_construction_at_39B-3223721,20,65,https://images.nasa.gov/details/KSC-20190826-MH-KLS01_0001-LH2_Time_Lapse_of_construction_at_39B-3223721,"Public domain: NASA media, not subject to copyright in the United States",transport,4,1,Microsoft Zira Desktop,"A tall crane works on a building site. Behind the site, the sea runs along the horizon. A herd of cows grazes in a muddy field. A large round grey tank rises on concrete legs."
E03,E03.mp4,narrated_match,22.0,yes,narration,no,,yes,,moon_sunrise,KSC-20260201-MH-JBS01-0001-Artemis_II_Full_Moon_Sunrise_Timelapse-M18703,6,28,https://images.nasa.gov/details/KSC-20260201-MH-JBS01-0001-Artemis_II_Full_Moon_Sunrise_Timelapse-M18703,"Public domain: NASA media, not subject to copyright in the United States",weather,3,0,Microsoft Zira Desktop,"At night, a tall rocket stands lit up on its launch pad. A bright full moon sinks slowly beside the rocket. Lights on the pad reflect in the water below."
E04,E04.mp4,narrated_match,30.0,yes,narration,no,,no,,eagles,KSC-20260313-MH-JBS01-0001-Wildlife_Video_Bald_Eagles_BROLL-M19993,87,117,https://images.nasa.gov/details/KSC-20260313-MH-JBS01-0001-Wildlife_Video_Bald_Eagles_BROLL-M19993,"Public domain: NASA media, not subject to copyright in the United States",animals,3,0,Microsoft Zira Desktop,Two bald eagles perch high in a bare tree. A huge nest of sticks sits in the branches. Small dark chicks move about inside the nest.
E05,E05.mp4,narrated_mismatch,48.0,yes,narration,no,,no,,eagles,KSC-20260313-MH-JBS01-0001-Wildlife_Video_Bald_Eagles_BROLL-M19993,36,84,https://images.nasa.gov/details/KSC-20260313-MH-JBS01-0001-Wildlife_Video_Bald_Eagles_BROLL-M19993,"Public domain: NASA media, not subject to copyright in the United States",animals,4,1,Microsoft Zira Desktop,An eagle with a white head watches over two chicks. A young eagle stretches its dark wings above the nest. A red fox runs across a snowy field. The young eagle flaps its wings against a white sky.
E06,E06.mp4,narrated_match,40.0,yes,narration,no,,no,,shoreline,KSC-20190524-MH-MTD01-0001-Drone_Footage_Shoreline_Beach_House_VAB_Pad_41_Pad_39A-3222188,6,46,https://images.nasa.gov/details/KSC-20190524-MH-MTD01-0001-Drone_Footage_Shoreline_Beach_House_VAB_Pad_41_Pad_39A-3222188,"Public domain: NASA media, not subject to copyright in the United States",landscapes,4,0,Microsoft Zira Desktop,"A drone flies over a small blue house among green bushes. A tall white tower stands in the distance. Waves break on a wide sandy beach. Behind the beach, the house sits on low dunes."
E07,E07.mp4,narrated_mismatch,48.0,yes,narration,no,,no,,shoreline,KSC-20190524-MH-MTD01-0001-Drone_Footage_Shoreline_Beach_House_VAB_Pad_41_Pad_39A-3222188,76,124,https://images.nasa.gov/details/KSC-20190524-MH-MTD01-0001-Drone_Footage_Shoreline_Beach_House_VAB_Pad_41_Pad_39A-3222188,"Public domain: NASA media, not subject to copyright in the United States",landscapes,4,2,Microsoft Zira Desktop,A curving sandy path leads to a blue house. A red tractor ploughs a field of wheat. Green scrubland spreads towards a tall white tower. This beach house stands on the coast of Maine.
E08,E08.mp4,narrated_match,54.0,yes,narration,no,,no,,dorian,jsc2019m000806_Hurricane_Dorian_190902,6,60,https://images.nasa.gov/details/jsc2019m000806_Hurricane_Dorian_190902,"Public domain: NASA media, not subject to copyright in the United States",weather,4,0,Microsoft Zira Desktop,"From orbit, a huge hurricane swirls over the ocean. Parts of the space station stand out as dark shapes. The storm's eye is a small dark hole in the clouds. Thick white cloud bands spiral around the centre."
E09,E09.mp4,narrated_mismatch,60.0,yes,narration,no,,no,,milton,jsc2024m000174_Cameras_On_The_International_Space_Station_Capture_New_Views_Of_Hurricane_Milton-241009,0,60,https://images.nasa.gov/details/jsc2024m000174_Cameras_On_The_International_Space_Station_Capture_New_Views_Of_Hurricane_Milton-241009,"Public domain: NASA media, not subject to copyright in the United States",weather,5,2,Microsoft Zira Desktop,A storm covers the ocean below the space station. A long robotic arm reaches out from the station. A crowded market sells fruit and vegetables. Solar panels stretch across the lower left of the view. Three hurricanes line up across the sea.
E10,E10.mp4,narrated_match,23.0,yes,narration,no,,no,,snow,GSFC_20120703_GPM_m11067_Snow_montage,18,41,https://images.nasa.gov/details/GSFC_20120703_GPM_m11067_Snow_montage,"Public domain: NASA media, not subject to copyright in the United States",weather,3,0,Microsoft Zira Desktop,Snow settles on the leaves of a thin branch. Snowflakes drift down past the branch. A truck with a snowplough pushes snow along a street.
E11,E11.mp4,narrated_mismatch,36.0,yes,narration,no,,no,,snow,GSFC_20120703_GPM_m11067_Snow_montage,42,78,https://images.nasa.gov/details/GSFC_20120703_GPM_m11067_Snow_montage,"Public domain: NASA media, not subject to copyright in the United States",weather,3,1,Microsoft Zira Desktop,Bare trees stand along the edge of a calm lake. A busy motorway is full of cars at rush hour. The low sun shines through the trees onto the snow.
E12,E12.mp4,narrated_match,30.0,yes,narration,no,,no,,barge_river,MSFC_08212024_LVSA II shipping on Pegasus Decatur aerials,20,50,https://images.nasa.gov/details/MSFC_08212024_LVSA%20II%20shipping%20on%20Pegasus%20Decatur%20aerials,"Public domain: NASA media, not subject to copyright in the United States",transport,3,0,Microsoft Zira Desktop,A long white barge passes under a steel bridge. Traffic crosses the bridge above the river. The barge moves along a wide river with green banks.
E13,E13.mp4,narrated_mismatch,45.0,yes,narration,no,,no,,barge_river,MSFC_08212024_LVSA II shipping on Pegasus Decatur aerials,105,150,https://images.nasa.gov/details/MSFC_08212024_LVSA%20II%20shipping%20on%20Pegasus%20Decatur%20aerials,"Public domain: NASA media, not subject to copyright in the United States",transport,4,1,Microsoft Zira Desktop,A barge slides past a tall lift bridge on the river. Sunlight glitters on the water around the barge. Snow-capped mountains rise above a frozen lake. Small boats float near the far shore of the river.
E14,E14.mp4,narrated_match,34.0,yes,narration,no,,no,,barge_arrival,KSC-20210427-MH-MTD01-0001_Artemis_I_Core_Stage_Arrival_at_KSC_DRONE-3274757,6,40,https://images.nasa.gov/details/KSC-20210427-MH-MTD01-0001_Artemis_I_Core_Stage_Arrival_at_KSC_DRONE-3274757,"Public domain: NASA media, not subject to copyright in the United States",transport,4,0,Microsoft Zira Desktop,A tugboat pushes a covered barge along a waterway. A small white boat travels ahead of the barge. The barge carries a long white cover with a curved roof. Green marsh lines both sides of the water.
E15,E15.mp4,narrated_mismatch,60.0,yes,narration,no,,no,,barge_arrival,KSC-20210427-MH-MTD01-0001_Artemis_I_Core_Stage_Arrival_at_KSC_DRONE-3274757,105,165,https://images.nasa.gov/details/KSC-20210427-MH-MTD01-0001_Artemis_I_Core_Stage_Arrival_at_KSC_DRONE-3274757,"Public domain: NASA media, not subject to copyright in the United States",transport,4,2,Microsoft Zira Desktop,The barge approaches a huge square building. A bright green tugboat pushes the barge from behind. A cruise ship full of passengers docks in the harbour. The giant building has a round blue logo near the top.
E16,E16.mp4,narrated_match,45.0,yes,narration,no,,no,,rollout_drone,KSC-20211014-MH-MTD01-0001-Lucy_Rollout_to_Pad_SLC-41_DRONE-3289002,9,54,https://images.nasa.gov/details/KSC-20211014-MH-MTD01-0001-Lucy_Rollout_to_Pad_SLC-41_DRONE-3289002,"Public domain: NASA media, not subject to copyright in the United States",transport,4,0,Microsoft Zira Desktop,A tall white building with a flag stands near a lagoon. Green marsh and water stretch out behind it. A rocket now stands beside the tall building. Clouds drift across a pale blue sky.
E17,E17.mp4,narrated_mismatch,59.0,yes,narration,no,,no,,rollout_drone,KSC-20211014-MH-MTD01-0001-Lucy_Rollout_to_Pad_SLC-41_DRONE-3289002,99,158,https://images.nasa.gov/details/KSC-20211014-MH-MTD01-0001-Lucy_Rollout_to_Pad_SLC-41_DRONE-3289002,"Public domain: NASA media, not subject to copyright in the United States",transport,5,2,Microsoft Zira Desktop,A rocket stands on a launch pad between tall towers. A large white sphere sits near the pad. Tall lightning towers surround the rocket. The rocket on the pad is painted bright green. A flock of sheep crosses a country lane.
E18,E18.mp4,narrated_match,45.0,yes,narration,no,,no,,helicopters,KSC-20200930-MH-FJM01_0001-New_NASA_Helicopters_Arrive_At_KSC-3259552,50,95,https://images.nasa.gov/details/KSC-20200930-MH-FJM01_0001-New_NASA_Helicopters_Arrive_At_KSC-3259552,"Public domain: NASA media, not subject to copyright in the United States",transport,4,0,Microsoft Zira Desktop,A white helicopter hovers above green trees. It slowly comes down towards a paved area. The helicopter has a blue stripe along its side. It settles close to the ground in front of the trees.
E19,E19.mp4,narrated_mismatch,36.0,yes,narration,no,,no,,helicopters,KSC-20200930-MH-FJM01_0001-New_NASA_Helicopters_Arrive_At_KSC-3259552,12,48,https://images.nasa.gov/details/KSC-20200930-MH-FJM01_0001-New_NASA_Helicopters_Arrive_At_KSC-3259552,"Public domain: NASA media, not subject to copyright in the United States",transport,3,1,Microsoft Zira Desktop,A large white hangar stands under a blue sky. A pod of whales swims beside a sailing boat. A small helicopter appears far away above the trees.
E20,E20.mp4,narrated_match,25.0,yes,narration,no,,no,,global_hawk,ARC-20130816-AAV3521-Drone-Returns-After-Studying-Atlantic-Storms,0,25,https://images.nasa.gov/details/ARC-20130816-AAV3521-Drone-Returns-After-Studying-Atlantic-Storms,"Public domain: NASA media, not subject to copyright in the United States",transport,3,0,Microsoft Zira Desktop,A white aircraft approaches from a hazy sky. It descends towards a runway lined with trees. The long-winged plane touches down on the runway.
E21,E21.mp4,narrated_mismatch,33.0,yes,narration,no,,no,,global_hawk,ARC-20130816-AAV3521-Drone-Returns-After-Studying-Atlantic-Storms,30,63,https://images.nasa.gov/details/ARC-20130816-AAV3521-Drone-Returns-After-Studying-Atlantic-Storms,"Public domain: NASA media, not subject to copyright in the United States",transport,4,2,Microsoft Zira Desktop,A white plane with very long wings rolls along a runway. Green grass lines the edges of the runway. A crowd of children plays in a school playground. An orange plane with long wings rolls along the runway.
E22,E22.mp4,narrated_match,48.0,yes,narration,no,,no,,helo_sunrise,KSC-20221114-MH-JBP01-Artemis_I_Sunrise_Helo_Shots-WON_3318261,12,60,https://images.nasa.gov/details/KSC-20221114-MH-JBP01-Artemis_I_Sunrise_Helo_Shots-WON_3318261,"Public domain: NASA media, not subject to copyright in the United States",transport,3,0,Microsoft Zira Desktop,"In the dark, a tall orange rocket stands on its pad. Bright lights shine around the base of the launch tower. The rocket glows orange and white against the dark sky."
E23,E23.mp4,narrated_mismatch,49.0,yes,narration,no,,no,,helo_sunrise,KSC-20221114-MH-JBP01-Artemis_I_Sunrise_Helo_Shots-WON_3318261,123,172,https://images.nasa.gov/details/KSC-20221114-MH-JBP01-Artemis_I_Sunrise_Helo_Shots-WON_3318261,"Public domain: NASA media, not subject to copyright in the United States",transport,4,1,Microsoft Zira Desktop,"At dawn, a rocket stands beside its launch tower. The rocket has a white top and an orange body. A snowstorm buries a quiet mountain village. The sky behind the rocket turns deep blue."
E24,E24.mp4,narrated_match,50.0,yes,narration,no,,no,,aerial_survey,KSC-20190905-MH-CMS01_0001-DART_Support_for_Hurricane_Dorian-3230374,96,146,https://images.nasa.gov/details/KSC-20190905-MH-CMS01_0001-DART_Support_for_Hurricane_Dorian-3230374,"Public domain: NASA media, not subject to copyright in the United States",landscapes,4,0,Microsoft Zira Desktop,Waves roll onto a sandy beach seen from above. Green plants grow behind the sand. White foam spreads along the edge of the water. A long strip of sand runs beside the waves.
E25,E25.mp4,narrated_mismatch,41.0,yes,narration,no,,no,,aerial_survey,KSC-20190905-MH-CMS01_0001-DART_Support_for_Hurricane_Dorian-3230374,6,47,https://images.nasa.gov/details/KSC-20190905-MH-CMS01_0001-DART_Support_for_Hurricane_Dorian-3230374,"Public domain: NASA media, not subject to copyright in the United States",landscapes,4,1,Microsoft Zira Desktop,A drone circles a huge grey and white building. A giant flag and a round logo decorate its side. Camels walk across golden sand dunes. Equipment and materials cover a building site nearby.
E26,E26.mp4,narrated_match,30.0,yes,narration,no,,no,,pad_sunset,SLS_KSC_01282026_ART II at Pad sunset anamorphic,15,45,https://images.nasa.gov/details/SLS_KSC_01282026_ART%20II%20at%20Pad%20sunset%20anamorphic,"Public domain: NASA media, not subject to copyright in the United States",weather,3,0,Microsoft Zira Desktop,Tall towers stand in silhouette against the setting sun. The sun flares brightly behind the rocket. A round water tower stands to the right.
E27,E27.mp4,narrated_mismatch,24.0,yes,narration,no,,no,,rollout_sunset,SLS_KSC_Artemis II Rollout to pad 1172026_broll_timelapse_sunset,72,96,https://images.nasa.gov/details/SLS_KSC_Artemis%20II%20Rollout%20to%20pad%201172026_broll_timelapse_sunset,"Public domain: NASA media, not subject to copyright in the United States",transport,3,1,Microsoft Zira Desktop,A giant rocket rides on a huge tracked vehicle. A large flag hangs on the side of the vehicle. Seagulls dive into a stormy sea.
E28,E28.mp4,narrated_match,20.0,yes,narration,no,,yes,A15_KSC-98PC-572.jpg,A15_KSC-98PC-572.jpg,KSC-98PC-572,,,https://images.nasa.gov/details/KSC-98PC-572,"Public domain: NASA media, not subject to copyright in the United States",transport,3,0,Microsoft Zira Desktop,A red locomotive sits on a railway track. A long line of freight cars stretches behind it. White clouds float in a blue sky above the train.
E29,E29.mp4,narrated_mismatch,20.0,yes,narration,no,,yes,A28_KSC-2010-5875.jpg,A28_KSC-2010-5875.jpg,KSC-2010-5875,,,https://images.nasa.gov/details/KSC-2010-5875,"Public domain: NASA media, not subject to copyright in the United States",animals,3,1,Microsoft Zira Desktop,A white bird with a dark head wades in calm water. Its long curved beak is bright yellow. Ripples spread across the water around its legs.
E30,E30.mp4,narrated_mismatch,60.0,yes,narration,no,,no,,dorian,jsc2019m000806_Hurricane_Dorian_190902,123,183,https://images.nasa.gov/details/jsc2019m000806_Hurricane_Dorian_190902,"Public domain: NASA media, not subject to copyright in the United States",weather,4,2,Microsoft Zira Desktop,"A large part of the space station fills the left of the view. Beyond it, a hurricane swirls over the ocean. A marching band parades down a city street. The hurricane's eye sits over the deserts of Arizona."
E31,E31.mp4,no_speech,34.0,no,"brown noise, no speech",no,,no,,aerial_survey,KSC-20190905-MH-CMS01_0001-DART_Support_for_Hurricane_Dorian-3230374,48,82,https://images.nasa.gov/details/KSC-20190905-MH-CMS01_0001-DART_Support_for_Hurricane_Dorian-3230374,"Public domain: NASA media, not subject to copyright in the United States",landscapes,0,0,,
E32,E32.mp4,no_speech,37.0,no,no audio track,no,,no,,milton,jsc2024m000174_Cameras_On_The_International_Space_Station_Capture_New_Views_Of_Hurricane_Milton-241009,81,118,https://images.nasa.gov/details/jsc2024m000174_Cameras_On_The_International_Space_Station_Capture_New_Views_Of_Hurricane_Milton-241009,"Public domain: NASA media, not subject to copyright in the United States",weather,0,0,,
E33,E33.mp4,on_screen_text,23.0,yes,narration,yes,SUNSET AT THE LAUNCH PAD,no,,pad_sunset,SLS_KSC_01282026_ART II at Pad sunset anamorphic,84,107,https://images.nasa.gov/details/SLS_KSC_01282026_ART%20II%20at%20Pad%20sunset%20anamorphic,"Public domain: NASA media, not subject to copyright in the United States",weather,2,0,Microsoft Zira Desktop,The sun sets behind tall grass and a distant rocket. Clouds glow orange above the horizon.
E34,E34.mp4,on_screen_text,20.0,yes,narration,yes,BARGE ON THE RIVER,no,,barge_river,MSFC_08212024_LVSA II shipping on Pegasus Decatur aerials,60,80,https://images.nasa.gov/details/MSFC_08212024_LVSA%20II%20shipping%20on%20Pegasus%20Decatur%20aerials,"Public domain: NASA media, not subject to copyright in the United States",transport,2,0,Microsoft Zira Desktop,A covered barge travels up a wide river. A small boat leaves a white wake beside it.
