caption_id,semeval_split,semeval_id,group,manipulative,loud,techniques,max_intensity,max_word,max_emotion,n_words,text_sha256,source_url,author,licence,loudness_source,access_date
F001,training,433_batch_2,calm_honest,no,no,,0.0,,,2,244a9a89e8dac46df094d6c720a4b498fc36acc687b2f2eb0fcd687661b79cb2,https://raw.githubusercontent.com/di-dimitrov/SEMEVAL-2021-task6-corpus/796b32fa76b7a5814a48d1870d163058e81e4ce1/data/training_set_task1.txt,"Dimitrov et al. (2021), SemEval-2021 Task 6",Free for general research use (task repository),NRC Emotion Intensity Lexicon v1 (NRC-Emotion-Intensity-Lexicon/NRC-Emotion-Intensity-Lexicon-v1.txt); non-commercial research use,2026-09-27
F002,training,958_batch_2,calm_honest,no,no,,0.492,court,anticipation,13,1a167f73c63ce12e2d7b7d131119f0dfc6e471993655c45ba4171973e6516085,https://raw.githubusercontent.com/di-dimitrov/SEMEVAL-2021-task6-corpus/796b32fa76b7a5814a48d1870d163058e81e4ce1/data/training_set_task1.txt,"Dimitrov et al. (2021), SemEval-2021 Task 6",Free for general research use (task repository),NRC Emotion Intensity Lexicon v1 (NRC-Emotion-Intensity-Lexicon/NRC-Emotion-Intensity-Lexicon-v1.txt); non-commercial research use,2026-09-27
F003,training,555_batch_2,calm_honest,no,no,,0.0,,,3,a00d92ef3df389ee3b4e0a030a82399ae008522d09db32c922b065ac5ff56664,https://raw.githubusercontent.com/di-dimitrov/SEMEVAL-2021-task6-corpus/796b32fa76b7a5814a48d1870d163058e81e4ce1/data/training_set_task1.txt,"Dimitrov et al. (2021), SemEval-2021 Task 6",Free for general research use (task repository),NRC Emotion Intensity Lexicon v1 (NRC-Emotion-Intensity-Lexicon/NRC-Emotion-Intensity-Lexicon-v1.txt); non-commercial research use,2026-09-27
F004,training,235_batch_2,calm_honest,no,no,,0.477,matter,trust,6,67c8e918599260ddbb7a970062b939d805c98a3e1e2ab003ad59ac2dd1e5273e,https://raw.githubusercontent.com/di-dimitrov/SEMEVAL-2021-task6-corpus/796b32fa76b7a5814a48d1870d163058e81e4ce1/data/training_set_task1.txt,"Dimitrov et al. (2021), SemEval-2021 Task 6",Free for general research use (task repository),NRC Emotion Intensity Lexicon v1 (NRC-Emotion-Intensity-Lexicon/NRC-Emotion-Intensity-Lexicon-v1.txt); non-commercial research use,2026-09-27
F005,training,184_batch_2,calm_honest,no,no,,0.0,,,10,36f0d29bc36ab7f6de4e58b299303e88e19a3e0c860a4795e4c03786e2aed710,https://raw.githubusercontent.com/di-dimitrov/SEMEVAL-2021-task6-corpus/796b32fa76b7a5814a48d1870d163058e81e4ce1/data/training_set_task1.txt,"Dimitrov et al. (2021), SemEval-2021 Task 6",Free for general research use (task repository),NRC Emotion Intensity Lexicon v1 (NRC-Emotion-Intensity-Lexicon/NRC-Emotion-Intensity-Lexicon-v1.txt); non-commercial research use,2026-09-27
F006,training,193,calm_honest,no,no,,0.0,,,19,93068aec04fc9ce951298041cafdc49272dac309d206abac746fd9a7f0ad9eb6,https://raw.githubusercontent.com/di-dimitrov/SEMEVAL-2021-task6-corpus/796b32fa76b7a5814a48d1870d163058e81e4ce1/data/training_set_task1.txt,"Dimitrov et al. (2021), SemEval-2021 Task 6",Free for general research use (task repository),NRC Emotion Intensity Lexicon v1 (NRC-Emotion-Intensity-Lexicon/NRC-Emotion-Intensity-Lexicon-v1.txt); non-commercial research use,2026-09-27
F007,dev,155_batch_2,calm_honest,no,no,,0.703,extinct,sadness,13,6c92c255e72cf999c231d50582f6651c2d4502bafce7571dfb07f9ca6825b2fb,https://raw.githubusercontent.com/di-dimitrov/SEMEVAL-2021-task6-corpus/796b32fa76b7a5814a48d1870d163058e81e4ce1/data/dev_set_task1.txt,"Dimitrov et al. (2021), SemEval-2021 Task 6",Free for general research use (task repository),NRC Emotion Intensity Lexicon v1 (NRC-Emotion-Intensity-Lexicon/NRC-Emotion-Intensity-Lexicon-v1.txt); non-commercial research use,2026-09-27
F008,training,69_batch_2,calm_honest,no,no,,0.68,official,trust,9,c045cc0bbd1721382fc0228b76a83653f2675d98cc366e8cf14dc45a1c2c84df,https://raw.githubusercontent.com/di-dimitrov/SEMEVAL-2021-task6-corpus/796b32fa76b7a5814a48d1870d163058e81e4ce1/data/training_set_task1.txt,"Dimitrov et al. (2021), SemEval-2021 Task 6",Free for general research use (task repository),NRC Emotion Intensity Lexicon v1 (NRC-Emotion-Intensity-Lexicon/NRC-Emotion-Intensity-Lexicon-v1.txt); non-commercial research use,2026-09-27
F009,training,650_batch_2,calm_honest,no,no,,0.656,polio,sadness,22,c513e0f95675f294125d6b18425bfd485b028eac2f55c1717dc18d8114a68903,https://raw.githubusercontent.com/di-dimitrov/SEMEVAL-2021-task6-corpus/796b32fa76b7a5814a48d1870d163058e81e4ce1/data/training_set_task1.txt,"Dimitrov et al. (2021), SemEval-2021 Task 6",Free for general research use (task repository),NRC Emotion Intensity Lexicon v1 (NRC-Emotion-Intensity-Lexicon/NRC-Emotion-Intensity-Lexicon-v1.txt); non-commercial research use,2026-09-27
F010,training,223_batch_2,calm_honest,no,no,,0.453,president,trust,3,ebf31f61aad79a3924fa9db47d677116643597564f9bfc017bc8a07029539a72,https://raw.githubusercontent.com/di-dimitrov/SEMEVAL-2021-task6-corpus/796b32fa76b7a5814a48d1870d163058e81e4ce1/data/training_set_task1.txt,"Dimitrov et al. (2021), SemEval-2021 Task 6",Free for general research use (task repository),NRC Emotion Intensity Lexicon v1 (NRC-Emotion-Intensity-Lexicon/NRC-Emotion-Intensity-Lexicon-v1.txt); non-commercial research use,2026-09-27
F011,training,549_batch_2,calm_honest,no,no,,0.0,,,6,02a187a3ed81c273852f4d7a1695a730061e4bd25f0f46649c82a62edd471734,https://raw.githubusercontent.com/di-dimitrov/SEMEVAL-2021-task6-corpus/796b32fa76b7a5814a48d1870d163058e81e4ce1/data/training_set_task1.txt,"Dimitrov et al. (2021), SemEval-2021 Task 6",Free for general research use (task repository),NRC Emotion Intensity Lexicon v1 (NRC-Emotion-Intensity-Lexicon/NRC-Emotion-Intensity-Lexicon-v1.txt); non-commercial research use,2026-09-27
F012,test,901_batch_2,calm_honest,no,no,,0.453,bad,anger,13,113a24da5ddb144da5cb7ebc835d5eb8b5529d67ca4dccea0d9573c1bb846017,https://raw.githubusercontent.com/di-dimitrov/SEMEVAL-2021-task6-corpus/796b32fa76b7a5814a48d1870d163058e81e4ce1/data/test_set_task1.txt,"Dimitrov et al. (2021), SemEval-2021 Task 6",Free for general research use (task repository),NRC Emotion Intensity Lexicon v1 (NRC-Emotion-Intensity-Lexicon/NRC-Emotion-Intensity-Lexicon-v1.txt); non-commercial research use,2026-09-27
F013,training,338_batch_2,calm_honest,no,no,,0.492,trump,surprise,10,aca21cf7a5dac528ea518ddda5212f8cf92c25b0d7bcb2514d87e5c548b05b59,https://raw.githubusercontent.com/di-dimitrov/SEMEVAL-2021-task6-corpus/796b32fa76b7a5814a48d1870d163058e81e4ce1/data/training_set_task1.txt,"Dimitrov et al. (2021), SemEval-2021 Task 6",Free for general research use (task repository),NRC Emotion Intensity Lexicon v1 (NRC-Emotion-Intensity-Lexicon/NRC-Emotion-Intensity-Lexicon-v1.txt); non-commercial research use,2026-09-27
F014,training,922_batch_2,calm_honest,no,no,,0.0,,,5,8f58aa6a19dc82abd3e279bcababdcb7d4708960d747f8756d1959dd320b4876,https://raw.githubusercontent.com/di-dimitrov/SEMEVAL-2021-task6-corpus/796b32fa76b7a5814a48d1870d163058e81e4ce1/data/training_set_task1.txt,"Dimitrov et al. (2021), SemEval-2021 Task 6",Free for general research use (task repository),NRC Emotion Intensity Lexicon v1 (NRC-Emotion-Intensity-Lexicon/NRC-Emotion-Intensity-Lexicon-v1.txt); non-commercial research use,2026-09-27
F015,training,49_batch_2,calm_honest,no,no,,0.544,free,joy,6,41e139d520c920e8d04fa1c6980158e5b5ec7ca81045a514bd1ca7541f29ef4c,https://raw.githubusercontent.com/di-dimitrov/SEMEVAL-2021-task6-corpus/796b32fa76b7a5814a48d1870d163058e81e4ce1/data/training_set_task1.txt,"Dimitrov et al. (2021), SemEval-2021 Task 6",Free for general research use (task repository),NRC Emotion Intensity Lexicon v1 (NRC-Emotion-Intensity-Lexicon/NRC-Emotion-Intensity-Lexicon-v1.txt); non-commercial research use,2026-09-27
F016,training,45_batch_2,calm_honest,no,no,,0.0,,,17,3f940ce428b3d2f9d34370d39919ebee4412139644b8281216fb678c56a1d6a1,https://raw.githubusercontent.com/di-dimitrov/SEMEVAL-2021-task6-corpus/796b32fa76b7a5814a48d1870d163058e81e4ce1/data/training_set_task1.txt,"Dimitrov et al. (2021), SemEval-2021 Task 6",Free for general research use (task repository),NRC Emotion Intensity Lexicon v1 (NRC-Emotion-Intensity-Lexicon/NRC-Emotion-Intensity-Lexicon-v1.txt); non-commercial research use,2026-09-27
F017,training,101_batch_2,calm_honest,no,no,,0.559,home,joy,24,2d624e249103da6b6a94177415561fd2fe5c120f9b2f93f4c76a1a0643406ad0,https://raw.githubusercontent.com/di-dimitrov/SEMEVAL-2021-task6-corpus/796b32fa76b7a5814a48d1870d163058e81e4ce1/data/training_set_task1.txt,"Dimitrov et al. (2021), SemEval-2021 Task 6",Free for general research use (task repository),NRC Emotion Intensity Lexicon v1 (NRC-Emotion-Intensity-Lexicon/NRC-Emotion-Intensity-Lexicon-v1.txt); non-commercial research use,2026-09-27
F018,training,265_batch_2,calm_honest,no,no,,0.492,inauguration,anticipation,14,e1c7b112e29bf36dfe1b6aa390957f07bf2b5f1de0d302b5a11e036ee6033b5f,https://raw.githubusercontent.com/di-dimitrov/SEMEVAL-2021-task6-corpus/796b32fa76b7a5814a48d1870d163058e81e4ce1/data/training_set_task1.txt,"Dimitrov et al. (2021), SemEval-2021 Task 6",Free for general research use (task repository),NRC Emotion Intensity Lexicon v1 (NRC-Emotion-Intensity-Lexicon/NRC-Emotion-Intensity-Lexicon-v1.txt); non-commercial research use,2026-09-27
F019,training,595_batch_2,calm_honest,no,no,,0.4,conspiracy,fear,4,72cb33e19b08ada9899a1e9cf1d5dba41a67e9764cb4441e868ee3c6db35d5f8,https://raw.githubusercontent.com/di-dimitrov/SEMEVAL-2021-task6-corpus/796b32fa76b7a5814a48d1870d163058e81e4ce1/data/training_set_task1.txt,"Dimitrov et al. (2021), SemEval-2021 Task 6",Free for general research use (task repository),NRC Emotion Intensity Lexicon v1 (NRC-Emotion-Intensity-Lexicon/NRC-Emotion-Intensity-Lexicon-v1.txt); non-commercial research use,2026-09-27
F020,test,478_batch_2,calm_honest,no,no,,0.0,,,8,af99d7c3b418379401ca09d704ff3ea996072a82cf8e133b34807fc15c1a9a17,https://raw.githubusercontent.com/di-dimitrov/SEMEVAL-2021-task6-corpus/796b32fa76b7a5814a48d1870d163058e81e4ce1/data/test_set_task1.txt,"Dimitrov et al. (2021), SemEval-2021 Task 6",Free for general research use (task repository),NRC Emotion Intensity Lexicon v1 (NRC-Emotion-Intensity-Lexicon/NRC-Emotion-Intensity-Lexicon-v1.txt); non-commercial research use,2026-09-27
F021,training,352_batch_2,calm_honest,no,no,,0.727,unfortunately,sadness,19,c06898db5829b7c5d235ac69cdef3ec898821ccac18daa6cde62a997fe1099f3,https://raw.githubusercontent.com/di-dimitrov/SEMEVAL-2021-task6-corpus/796b32fa76b7a5814a48d1870d163058e81e4ce1/data/training_set_task1.txt,"Dimitrov et al. (2021), SemEval-2021 Task 6",Free for general research use (task repository),NRC Emotion Intensity Lexicon v1 (NRC-Emotion-Intensity-Lexicon/NRC-Emotion-Intensity-Lexicon-v1.txt); non-commercial research use,2026-09-27
F022,training,121,calm_honest,no,no,,0.664,waiting,anticipation,13,372a3fb95e0b12beeb296c14cc0c6df57bce200cd8db720920cabbf855efb7be,https://raw.githubusercontent.com/di-dimitrov/SEMEVAL-2021-task6-corpus/796b32fa76b7a5814a48d1870d163058e81e4ce1/data/training_set_task1.txt,"Dimitrov et al. (2021), SemEval-2021 Task 6",Free for general research use (task repository),NRC Emotion Intensity Lexicon v1 (NRC-Emotion-Intensity-Lexicon/NRC-Emotion-Intensity-Lexicon-v1.txt); non-commercial research use,2026-09-27
F023,dev,60_batch_2,calm_honest,no,no,,0.621,parade,joy,3,5bdc2be58e945741187e2db3fb847de60796bc9bfba9d186f8f47c15fbb1f94d,https://raw.githubusercontent.com/di-dimitrov/SEMEVAL-2021-task6-corpus/796b32fa76b7a5814a48d1870d163058e81e4ce1/data/dev_set_task1.txt,"Dimitrov et al. (2021), SemEval-2021 Task 6",Free for general research use (task repository),NRC Emotion Intensity Lexicon v1 (NRC-Emotion-Intensity-Lexicon/NRC-Emotion-Intensity-Lexicon-v1.txt); non-commercial research use,2026-09-27
F024,training,274_batch_2,calm_honest,no,no,,0.352,show,trust,11,52754ec3d5820fec6020b55bb76662798d7d9e89ff437e50cceb651cf896b506,https://raw.githubusercontent.com/di-dimitrov/SEMEVAL-2021-task6-corpus/796b32fa76b7a5814a48d1870d163058e81e4ce1/data/training_set_task1.txt,"Dimitrov et al. (2021), SemEval-2021 Task 6",Free for general research use (task repository),NRC Emotion Intensity Lexicon v1 (NRC-Emotion-Intensity-Lexicon/NRC-Emotion-Intensity-Lexicon-v1.txt); non-commercial research use,2026-09-27
F025,dev,76_batch_2,calm_honest,no,no,,0.492,trump,surprise,5,ad1e690750e071f3178f9631848dc5edf0e815510ac9f4b0b0824083456355fb,https://raw.githubusercontent.com/di-dimitrov/SEMEVAL-2021-task6-corpus/796b32fa76b7a5814a48d1870d163058e81e4ce1/data/dev_set_task1.txt,"Dimitrov et al. (2021), SemEval-2021 Task 6",Free for general research use (task repository),NRC Emotion Intensity Lexicon v1 (NRC-Emotion-Intensity-Lexicon/NRC-Emotion-Intensity-Lexicon-v1.txt); non-commercial research use,2026-09-27
F026,training,198_batch_2,calm_manipulative,yes,no,Loaded Language; Name calling/Labeling,0.609,civilization,trust,17,35ebcb7128bd4e9bf4c2d2eb54e872d50f85d099f36e6987f91103e74c336422,https://raw.githubusercontent.com/di-dimitrov/SEMEVAL-2021-task6-corpus/796b32fa76b7a5814a48d1870d163058e81e4ce1/data/training_set_task1.txt,"Dimitrov et al. (2021), SemEval-2021 Task 6",Free for general research use (task repository),NRC Emotion Intensity Lexicon v1 (NRC-Emotion-Intensity-Lexicon/NRC-Emotion-Intensity-Lexicon-v1.txt); non-commercial research use,2026-09-27
F027,training,60,calm_manipulative,yes,no,Loaded Language,0.609,super,joy,13,ae532c45e6c761ca63c92cb230a85d4585967e7c65aec6d5fab43f7a8893f306,https://raw.githubusercontent.com/di-dimitrov/SEMEVAL-2021-task6-corpus/796b32fa76b7a5814a48d1870d163058e81e4ce1/data/training_set_task1.txt,"Dimitrov et al. (2021), SemEval-2021 Task 6",Free for general research use (task repository),NRC Emotion Intensity Lexicon v1 (NRC-Emotion-Intensity-Lexicon/NRC-Emotion-Intensity-Lexicon-v1.txt); non-commercial research use,2026-09-27
F028,training,416_batch_2,calm_manipulative,yes,no,Glittering generalities (Virtue); Loaded Language,0.602,peace,trust,19,903a54e28312880c6b6092af931677e435113cf52c3cc62a510fad01f674fb33,https://raw.githubusercontent.com/di-dimitrov/SEMEVAL-2021-task6-corpus/796b32fa76b7a5814a48d1870d163058e81e4ce1/data/training_set_task1.txt,"Dimitrov et al. (2021), SemEval-2021 Task 6",Free for general research use (task repository),NRC Emotion Intensity Lexicon v1 (NRC-Emotion-Intensity-Lexicon/NRC-Emotion-Intensity-Lexicon-v1.txt); non-commercial research use,2026-09-27
F029,test,978_batch_2,calm_manipulative,yes,no,Causal Oversimplification; Loaded Language; Name calling/Labeling; Smears,0.586,share,trust,34,14c2ce45269523d36c89e83450095c3883a8651daee80fd8d885d5cd3ae5319e,https://raw.githubusercontent.com/di-dimitrov/SEMEVAL-2021-task6-corpus/796b32fa76b7a5814a48d1870d163058e81e4ce1/data/test_set_task1.txt,"Dimitrov et al. (2021), SemEval-2021 Task 6",Free for general research use (task repository),NRC Emotion Intensity Lexicon v1 (NRC-Emotion-Intensity-Lexicon/NRC-Emotion-Intensity-Lexicon-v1.txt); non-commercial research use,2026-09-27
F030,training,923_batch_2,calm_manipulative,yes,no,Loaded Language,0.633,bless,trust,9,ce5a10d2841b1c94f080d858902d3b6c3bdeb9792af1d6c26472ebd5c0f168b4,https://raw.githubusercontent.com/di-dimitrov/SEMEVAL-2021-task6-corpus/796b32fa76b7a5814a48d1870d163058e81e4ce1/data/training_set_task1.txt,"Dimitrov et al. (2021), SemEval-2021 Task 6",Free for general research use (task repository),NRC Emotion Intensity Lexicon v1 (NRC-Emotion-Intensity-Lexicon/NRC-Emotion-Intensity-Lexicon-v1.txt); non-commercial research use,2026-09-27
F031,training,303_batch_2,calm_manipulative,yes,no,Loaded Language,0.477,matter,trust,21,1fd0a74de7e63e2d51fa75535cd3e847e4d7e5f2611a246874dbd79c5a33a181,https://raw.githubusercontent.com/di-dimitrov/SEMEVAL-2021-task6-corpus/796b32fa76b7a5814a48d1870d163058e81e4ce1/data/training_set_task1.txt,"Dimitrov et al. (2021), SemEval-2021 Task 6",Free for general research use (task repository),NRC Emotion Intensity Lexicon v1 (NRC-Emotion-Intensity-Lexicon/NRC-Emotion-Intensity-Lexicon-v1.txt); non-commercial research use,2026-09-27
F032,training,92,calm_manipulative,yes,no,Appeal to fear/prejudice; Loaded Language; Name calling/Labeling,0.586,money,anticipation,35,1e2dc77fd2cb981bac9ed6f0dcf83a442736d9c312fd4bbd68a46f9609dafc68,https://raw.githubusercontent.com/di-dimitrov/SEMEVAL-2021-task6-corpus/796b32fa76b7a5814a48d1870d163058e81e4ce1/data/training_set_task1.txt,"Dimitrov et al. (2021), SemEval-2021 Task 6",Free for general research use (task repository),NRC Emotion Intensity Lexicon v1 (NRC-Emotion-Intensity-Lexicon/NRC-Emotion-Intensity-Lexicon-v1.txt); non-commercial research use,2026-09-27
F033,training,308_batch_2,calm_manipulative,yes,no,Glittering generalities (Virtue); Loaded Language; Name calling/Labeling; Smears,0.742,freedom,trust,10,e5c394ec1460dee9b74c191794ba56bcc01d9b8e19e8f4b80d1d5160b1b3afff,https://raw.githubusercontent.com/di-dimitrov/SEMEVAL-2021-task6-corpus/796b32fa76b7a5814a48d1870d163058e81e4ce1/data/training_set_task1.txt,"Dimitrov et al. (2021), SemEval-2021 Task 6",Free for general research use (task repository),NRC Emotion Intensity Lexicon v1 (NRC-Emotion-Intensity-Lexicon/NRC-Emotion-Intensity-Lexicon-v1.txt); non-commercial research use,2026-09-27
F034,training,178_batch_2,calm_manipulative,yes,no,Loaded Language; Name calling/Labeling,0.555,shopping,anticipation,16,f5a94ed4360911f1f60fe6e6f57a7832e1b21bc65eab7b7fa17e5cdf51985de7,https://raw.githubusercontent.com/di-dimitrov/SEMEVAL-2021-task6-corpus/796b32fa76b7a5814a48d1870d163058e81e4ce1/data/training_set_task1.txt,"Dimitrov et al. (2021), SemEval-2021 Task 6",Free for general research use (task repository),NRC Emotion Intensity Lexicon v1 (NRC-Emotion-Intensity-Lexicon/NRC-Emotion-Intensity-Lexicon-v1.txt); non-commercial research use,2026-09-27
F035,test,953_batch_2,calm_manipulative,yes,no,Appeal to authority; Bandwagon; Loaded Language; Name calling/Labeling,0.672,safe,trust,20,5db07ccecf534a51851b2b200f8278ecbeae026a7d3d825a4bc93a5bad901279,https://raw.githubusercontent.com/di-dimitrov/SEMEVAL-2021-task6-corpus/796b32fa76b7a5814a48d1870d163058e81e4ce1/data/test_set_task1.txt,"Dimitrov et al. (2021), SemEval-2021 Task 6",Free for general research use (task repository),NRC Emotion Intensity Lexicon v1 (NRC-Emotion-Intensity-Lexicon/NRC-Emotion-Intensity-Lexicon-v1.txt); non-commercial research use,2026-09-27
F036,training,150,calm_manipulative,yes,no,Appeal to fear/prejudice; Exaggeration/Minimisation; Flag-waving; Loaded Language; Name calling/Labeling,0.68,leader,trust,17,b82c6ff9532c464eef42320a88f8549ea14da6aed8a5cbcc77f3a93cfe9c7355,https://raw.githubusercontent.com/di-dimitrov/SEMEVAL-2021-task6-corpus/796b32fa76b7a5814a48d1870d163058e81e4ce1/data/training_set_task1.txt,"Dimitrov et al. (2021), SemEval-2021 Task 6",Free for general research use (task repository),NRC Emotion Intensity Lexicon v1 (NRC-Emotion-Intensity-Lexicon/NRC-Emotion-Intensity-Lexicon-v1.txt); non-commercial research use,2026-09-27
F037,training,85_batch_2,calm_manipulative,yes,no,Loaded Language; Name calling/Labeling,0.453,president,trust,14,10bf92ecd1116165a05fa8301e88181072a860fca8393f0c91b82a3d28d4dcf8,https://raw.githubusercontent.com/di-dimitrov/SEMEVAL-2021-task6-corpus/796b32fa76b7a5814a48d1870d163058e81e4ce1/data/training_set_task1.txt,"Dimitrov et al. (2021), SemEval-2021 Task 6",Free for general research use (task repository),NRC Emotion Intensity Lexicon v1 (NRC-Emotion-Intensity-Lexicon/NRC-Emotion-Intensity-Lexicon-v1.txt); non-commercial research use,2026-09-27
F038,training,151_batch_2,calm_manipulative,yes,no,Loaded Language,0.742,blitz,surprise,47,48706f877df096f8c5c6b1a82f5604e1dcb52263ec60ebadcb15946184d03668,https://raw.githubusercontent.com/di-dimitrov/SEMEVAL-2021-task6-corpus/796b32fa76b7a5814a48d1870d163058e81e4ce1/data/training_set_task1.txt,"Dimitrov et al. (2021), SemEval-2021 Task 6",Free for general research use (task repository),NRC Emotion Intensity Lexicon v1 (NRC-Emotion-Intensity-Lexicon/NRC-Emotion-Intensity-Lexicon-v1.txt); non-commercial research use,2026-09-27
F039,training,328_batch_2,calm_manipulative,yes,no,Doubt; Loaded Language,0.0,,,19,89a106c61d50a47fff6bfe19a017b63e12207c1486b8aeae76b6c459b02e9418,https://raw.githubusercontent.com/di-dimitrov/SEMEVAL-2021-task6-corpus/796b32fa76b7a5814a48d1870d163058e81e4ce1/data/training_set_task1.txt,"Dimitrov et al. (2021), SemEval-2021 Task 6",Free for general research use (task repository),NRC Emotion Intensity Lexicon v1 (NRC-Emotion-Intensity-Lexicon/NRC-Emotion-Intensity-Lexicon-v1.txt); non-commercial research use,2026-09-27
F040,training,563_batch_2,calm_manipulative,yes,no,Loaded Language,0.547,memorial,sadness,16,99e08d9ee69df59f2f8eb564fdd2fe3f0126059afa998589aa89c5272a6e3357,https://raw.githubusercontent.com/di-dimitrov/SEMEVAL-2021-task6-corpus/796b32fa76b7a5814a48d1870d163058e81e4ce1/data/training_set_task1.txt,"Dimitrov et al. (2021), SemEval-2021 Task 6",Free for general research use (task repository),NRC Emotion Intensity Lexicon v1 (NRC-Emotion-Intensity-Lexicon/NRC-Emotion-Intensity-Lexicon-v1.txt); non-commercial research use,2026-09-27
F041,test,932_batch_2,calm_manipulative,yes,no,Glittering generalities (Virtue); Loaded Language; Smears,0.531,hospital,trust,29,7860832153a862b663d2eeb18241e01f86556687e485217325987bf0f420e574,https://raw.githubusercontent.com/di-dimitrov/SEMEVAL-2021-task6-corpus/796b32fa76b7a5814a48d1870d163058e81e4ce1/data/test_set_task1.txt,"Dimitrov et al. (2021), SemEval-2021 Task 6",Free for general research use (task repository),NRC Emotion Intensity Lexicon v1 (NRC-Emotion-Intensity-Lexicon/NRC-Emotion-Intensity-Lexicon-v1.txt); non-commercial research use,2026-09-27
F042,training,655_batch_2,calm_manipulative,yes,no,Doubt; Loaded Language,0.492,salute,trust,18,3602f2dd209430bd75c92b5cd7d34c6d114005bfd5d22778402a8085aa5d13e7,https://raw.githubusercontent.com/di-dimitrov/SEMEVAL-2021-task6-corpus/796b32fa76b7a5814a48d1870d163058e81e4ce1/data/training_set_task1.txt,"Dimitrov et al. (2021), SemEval-2021 Task 6",Free for general research use (task repository),NRC Emotion Intensity Lexicon v1 (NRC-Emotion-Intensity-Lexicon/NRC-Emotion-Intensity-Lexicon-v1.txt); non-commercial research use,2026-09-27
F043,training,143,calm_manipulative,yes,no,Loaded Language; Name calling/Labeling; Smears,0.734,gun,fear,18,53444a6e2f09c72a05c9246bb0e34ec3ce099ab703057cebfc30f8bdc33bfc86,https://raw.githubusercontent.com/di-dimitrov/SEMEVAL-2021-task6-corpus/796b32fa76b7a5814a48d1870d163058e81e4ce1/data/training_set_task1.txt,"Dimitrov et al. (2021), SemEval-2021 Task 6",Free for general research use (task repository),NRC Emotion Intensity Lexicon v1 (NRC-Emotion-Intensity-Lexicon/NRC-Emotion-Intensity-Lexicon-v1.txt); non-commercial research use,2026-09-27
F044,training,387_batch_2,calm_manipulative,yes,no,Loaded Language; Name calling/Labeling; Slogans; Smears,0.555,vote,trust,5,167586bf47d24086c642938fe705956103d2bab2791fe9764261e57db1b69b9e,https://raw.githubusercontent.com/di-dimitrov/SEMEVAL-2021-task6-corpus/796b32fa76b7a5814a48d1870d163058e81e4ce1/data/training_set_task1.txt,"Dimitrov et al. (2021), SemEval-2021 Task 6",Free for general research use (task repository),NRC Emotion Intensity Lexicon v1 (NRC-Emotion-Intensity-Lexicon/NRC-Emotion-Intensity-Lexicon-v1.txt); non-commercial research use,2026-09-27
F045,dev,87_batch_2,calm_manipulative,yes,no,Loaded Language,0.656,tear,sadness,11,08bb28ecba688fe407876605d3a57d7b2e1d0a39014baf967180e793e33dcbaf,https://raw.githubusercontent.com/di-dimitrov/SEMEVAL-2021-task6-corpus/796b32fa76b7a5814a48d1870d163058e81e4ce1/data/dev_set_task1.txt,"Dimitrov et al. (2021), SemEval-2021 Task 6",Free for general research use (task repository),NRC Emotion Intensity Lexicon v1 (NRC-Emotion-Intensity-Lexicon/NRC-Emotion-Intensity-Lexicon-v1.txt); non-commercial research use,2026-09-27
F046,training,343_batch_2,calm_manipulative,yes,no,Loaded Language; Name calling/Labeling,0.453,bad,anger,12,1006df1a036c223910ac48443fe50e90640bec2e56a5ac679dd76aabd6612beb,https://raw.githubusercontent.com/di-dimitrov/SEMEVAL-2021-task6-corpus/796b32fa76b7a5814a48d1870d163058e81e4ce1/data/training_set_task1.txt,"Dimitrov et al. (2021), SemEval-2021 Task 6",Free for general research use (task repository),NRC Emotion Intensity Lexicon v1 (NRC-Emotion-Intensity-Lexicon/NRC-Emotion-Intensity-Lexicon-v1.txt); non-commercial research use,2026-09-27
F047,test,829_batch_2,calm_manipulative,yes,no,Doubt; Loaded Language; Smears,0.546,stolen,anger,10,e79711eeb70dbdef894a8652aecee27eb72238179da59a38cc497cde354d9097,https://raw.githubusercontent.com/di-dimitrov/SEMEVAL-2021-task6-corpus/796b32fa76b7a5814a48d1870d163058e81e4ce1/data/test_set_task1.txt,"Dimitrov et al. (2021), SemEval-2021 Task 6",Free for general research use (task repository),NRC Emotion Intensity Lexicon v1 (NRC-Emotion-Intensity-Lexicon/NRC-Emotion-Intensity-Lexicon-v1.txt); non-commercial research use,2026-09-27
F048,training,330_batch_2,calm_manipulative,yes,no,Loaded Language,0.492,trump,surprise,24,ffae97f1c6fd40c536a8a9169e54417335ac8c8bd2a66bf968eb7b206fbc4102,https://raw.githubusercontent.com/di-dimitrov/SEMEVAL-2021-task6-corpus/796b32fa76b7a5814a48d1870d163058e81e4ce1/data/training_set_task1.txt,"Dimitrov et al. (2021), SemEval-2021 Task 6",Free for general research use (task repository),NRC Emotion Intensity Lexicon v1 (NRC-Emotion-Intensity-Lexicon/NRC-Emotion-Intensity-Lexicon-v1.txt); non-commercial research use,2026-09-27
F049,training,329_batch_2,calm_manipulative,yes,no,Loaded Language; Name calling/Labeling,0.562,upset,sadness,8,7a84fe6e7e8b308af61035a1566f55cbf94131f4cc0ee312acb99a5754dd3923,https://raw.githubusercontent.com/di-dimitrov/SEMEVAL-2021-task6-corpus/796b32fa76b7a5814a48d1870d163058e81e4ce1/data/training_set_task1.txt,"Dimitrov et al. (2021), SemEval-2021 Task 6",Free for general research use (task repository),NRC Emotion Intensity Lexicon v1 (NRC-Emotion-Intensity-Lexicon/NRC-Emotion-Intensity-Lexicon-v1.txt); non-commercial research use,2026-09-27
F050,training,29,calm_manipulative,yes,no,Loaded Language; Slogans,0.711,justice,trust,7,c9b2e0fe3876afc7eb2b28260192ddf3620570bcf8c15c15616b2b84cd8767a7,https://raw.githubusercontent.com/di-dimitrov/SEMEVAL-2021-task6-corpus/796b32fa76b7a5814a48d1870d163058e81e4ce1/data/training_set_task1.txt,"Dimitrov et al. (2021), SemEval-2021 Task 6",Free for general research use (task repository),NRC Emotion Intensity Lexicon v1 (NRC-Emotion-Intensity-Lexicon/NRC-Emotion-Intensity-Lexicon-v1.txt); non-commercial research use,2026-09-27
F051,training,127_batch_2,loud_honest,no,yes,,0.915,death,sadness,11,d905008e9e3b478d3a6a2709e1cb1721bcab8ccd9efa6019745c29931bf78781,https://raw.githubusercontent.com/di-dimitrov/SEMEVAL-2021-task6-corpus/796b32fa76b7a5814a48d1870d163058e81e4ce1/data/training_set_task1.txt,"Dimitrov et al. (2021), SemEval-2021 Task 6",Free for general research use (task repository),NRC Emotion Intensity Lexicon v1 (NRC-Emotion-Intensity-Lexicon/NRC-Emotion-Intensity-Lexicon-v1.txt); non-commercial research use,2026-09-27
F052,training,178,loud_honest,no,yes,,0.766,crisis,fear,26,d09fd8ce406287c9014e80865c6014520f4ac7f10c7d8b7fb0e839efb4d4176c,https://raw.githubusercontent.com/di-dimitrov/SEMEVAL-2021-task6-corpus/796b32fa76b7a5814a48d1870d163058e81e4ce1/data/training_set_task1.txt,"Dimitrov et al. (2021), SemEval-2021 Task 6",Free for general research use (task repository),NRC Emotion Intensity Lexicon v1 (NRC-Emotion-Intensity-Lexicon/NRC-Emotion-Intensity-Lexicon-v1.txt); non-commercial research use,2026-09-27
F053,training,186_batch_2,loud_honest,no,yes,,0.805,trust,trust,12,232eadffd432e6561e739bcbf29275be4318f0175f0c37a404c2f66d0425e2d6,https://raw.githubusercontent.com/di-dimitrov/SEMEVAL-2021-task6-corpus/796b32fa76b7a5814a48d1870d163058e81e4ce1/data/training_set_task1.txt,"Dimitrov et al. (2021), SemEval-2021 Task 6",Free for general research use (task repository),NRC Emotion Intensity Lexicon v1 (NRC-Emotion-Intensity-Lexicon/NRC-Emotion-Intensity-Lexicon-v1.txt); non-commercial research use,2026-09-27
F054,training,189,loud_honest,no,yes,,0.75,accident,fear,5,6c36d0623f489861917b5cc2ecc0a7fc0637c954c7359bd358d17693d7a25567,https://raw.githubusercontent.com/di-dimitrov/SEMEVAL-2021-task6-corpus/796b32fa76b7a5814a48d1870d163058e81e4ce1/data/training_set_task1.txt,"Dimitrov et al. (2021), SemEval-2021 Task 6",Free for general research use (task repository),NRC Emotion Intensity Lexicon v1 (NRC-Emotion-Intensity-Lexicon/NRC-Emotion-Intensity-Lexicon-v1.txt); non-commercial research use,2026-09-27
F055,training,245_batch_2,loud_honest,no,yes,,0.75,laughs,joy,17,a3f8253c7510f4d850199a956a2fb0770771c4e913a1d32dc6e5c493a99e842c,https://raw.githubusercontent.com/di-dimitrov/SEMEVAL-2021-task6-corpus/796b32fa76b7a5814a48d1870d163058e81e4ce1/data/training_set_task1.txt,"Dimitrov et al. (2021), SemEval-2021 Task 6",Free for general research use (task repository),NRC Emotion Intensity Lexicon v1 (NRC-Emotion-Intensity-Lexicon/NRC-Emotion-Intensity-Lexicon-v1.txt); non-commercial research use,2026-09-27
F056,training,254_batch_2,loud_honest,no,yes,,0.761,positive,joy,8,0fe6fb78db4a3d7195add5f2f97353ab26693bddc6eec16a033717f4c28ce352,https://raw.githubusercontent.com/di-dimitrov/SEMEVAL-2021-task6-corpus/796b32fa76b7a5814a48d1870d163058e81e4ce1/data/training_set_task1.txt,"Dimitrov et al. (2021), SemEval-2021 Task 6",Free for general research use (task repository),NRC Emotion Intensity Lexicon v1 (NRC-Emotion-Intensity-Lexicon/NRC-Emotion-Intensity-Lexicon-v1.txt); non-commercial research use,2026-09-27
F057,training,263_batch_2,loud_honest,no,yes,,0.805,trust,trust,4,913501ceeaccd8c18ccad64e4956371c05e12cd6a6fcfda9d58286fa9e3c78fb,https://raw.githubusercontent.com/di-dimitrov/SEMEVAL-2021-task6-corpus/796b32fa76b7a5814a48d1870d163058e81e4ce1/data/training_set_task1.txt,"Dimitrov et al. (2021), SemEval-2021 Task 6",Free for general research use (task repository),NRC Emotion Intensity Lexicon v1 (NRC-Emotion-Intensity-Lexicon/NRC-Emotion-Intensity-Lexicon-v1.txt); non-commercial research use,2026-09-27
F058,training,270_batch_2,loud_honest,no,yes,,0.805,integrity,trust,10,b331ce95e121ddebda6afdefa747107c25ae5a74d64c53300c0b4234e74e6735,https://raw.githubusercontent.com/di-dimitrov/SEMEVAL-2021-task6-corpus/796b32fa76b7a5814a48d1870d163058e81e4ce1/data/training_set_task1.txt,"Dimitrov et al. (2021), SemEval-2021 Task 6",Free for general research use (task repository),NRC Emotion Intensity Lexicon v1 (NRC-Emotion-Intensity-Lexicon/NRC-Emotion-Intensity-Lexicon-v1.txt); non-commercial research use,2026-09-27
F059,training,290_batch_2,loud_honest,no,yes,,0.788,fun,joy,10,7db1556c2a6f49be64e7bc3fc617e296185e0d716c167db7357662a134c31b20,https://raw.githubusercontent.com/di-dimitrov/SEMEVAL-2021-task6-corpus/796b32fa76b7a5814a48d1870d163058e81e4ce1/data/training_set_task1.txt,"Dimitrov et al. (2021), SemEval-2021 Task 6",Free for general research use (task repository),NRC Emotion Intensity Lexicon v1 (NRC-Emotion-Intensity-Lexicon/NRC-Emotion-Intensity-Lexicon-v1.txt); non-commercial research use,2026-09-27
F060,training,323_batch_2,loud_honest,no,yes,,0.853,attack,anger,11,3517388a5e92f73295c313a9fa8a0cf680f5e28dc39569adf44b5b4d9ef2871f,https://raw.githubusercontent.com/di-dimitrov/SEMEVAL-2021-task6-corpus/796b32fa76b7a5814a48d1870d163058e81e4ce1/data/training_set_task1.txt,"Dimitrov et al. (2021), SemEval-2021 Task 6",Free for general research use (task repository),NRC Emotion Intensity Lexicon v1 (NRC-Emotion-Intensity-Lexicon/NRC-Emotion-Intensity-Lexicon-v1.txt); non-commercial research use,2026-09-27
F061,training,42,loud_honest,no,yes,,0.765,party,joy,6,7e26d970d849b05c0820c734ac357c238b25cfd19fc457e3090335a666fd08a9,https://raw.githubusercontent.com/di-dimitrov/SEMEVAL-2021-task6-corpus/796b32fa76b7a5814a48d1870d163058e81e4ce1/data/training_set_task1.txt,"Dimitrov et al. (2021), SemEval-2021 Task 6",Free for general research use (task repository),NRC Emotion Intensity Lexicon v1 (NRC-Emotion-Intensity-Lexicon/NRC-Emotion-Intensity-Lexicon-v1.txt); non-commercial research use,2026-09-27
F062,training,47_batch_2,loud_honest,no,yes,,0.788,happy,joy,3,c183ab097270d7cf1b6364abd972f80aba7e48a60ce8858b2f548c97fed0d0cc,https://raw.githubusercontent.com/di-dimitrov/SEMEVAL-2021-task6-corpus/796b32fa76b7a5814a48d1870d163058e81e4ce1/data/training_set_task1.txt,"Dimitrov et al. (2021), SemEval-2021 Task 6",Free for general research use (task repository),NRC Emotion Intensity Lexicon v1 (NRC-Emotion-Intensity-Lexicon/NRC-Emotion-Intensity-Lexicon-v1.txt); non-commercial research use,2026-09-27
F063,training,487_batch_2,loud_honest,no,yes,,0.75,accident,fear,9,9db8f1db3ac4bc429afb409dc075d54015ddaef3827408be5661d32a714e40e1,https://raw.githubusercontent.com/di-dimitrov/SEMEVAL-2021-task6-corpus/796b32fa76b7a5814a48d1870d163058e81e4ce1/data/training_set_task1.txt,"Dimitrov et al. (2021), SemEval-2021 Task 6",Free for general research use (task repository),NRC Emotion Intensity Lexicon v1 (NRC-Emotion-Intensity-Lexicon/NRC-Emotion-Intensity-Lexicon-v1.txt); non-commercial research use,2026-09-27
F064,training,533_batch_2,loud_honest,no,yes,,0.75,friend,trust,14,130d0e6bf67b83cb0890a8bca1a310ee6c5b3ddbb281d85266615cdba2016e4c,https://raw.githubusercontent.com/di-dimitrov/SEMEVAL-2021-task6-corpus/796b32fa76b7a5814a48d1870d163058e81e4ce1/data/training_set_task1.txt,"Dimitrov et al. (2021), SemEval-2021 Task 6",Free for general research use (task repository),NRC Emotion Intensity Lexicon v1 (NRC-Emotion-Intensity-Lexicon/NRC-Emotion-Intensity-Lexicon-v1.txt); non-commercial research use,2026-09-27
F065,training,535_batch_2,loud_honest,no,yes,,0.912,suicide,sadness,16,697eddb46f294a55729822c12f03aa34026ac966da547680647e0ba707d29734,https://raw.githubusercontent.com/di-dimitrov/SEMEVAL-2021-task6-corpus/796b32fa76b7a5814a48d1870d163058e81e4ce1/data/training_set_task1.txt,"Dimitrov et al. (2021), SemEval-2021 Task 6",Free for general research use (task repository),NRC Emotion Intensity Lexicon v1 (NRC-Emotion-Intensity-Lexicon/NRC-Emotion-Intensity-Lexicon-v1.txt); non-commercial research use,2026-09-27
F066,training,599_batch_2,loud_honest,no,yes,,0.805,trust,trust,22,715fa7256ce858dd847d6a7e4fc4f43355601625cbc4a65c04adc7dff2e1eba8,https://raw.githubusercontent.com/di-dimitrov/SEMEVAL-2021-task6-corpus/796b32fa76b7a5814a48d1870d163058e81e4ce1/data/training_set_task1.txt,"Dimitrov et al. (2021), SemEval-2021 Task 6",Free for general research use (task repository),NRC Emotion Intensity Lexicon v1 (NRC-Emotion-Intensity-Lexicon/NRC-Emotion-Intensity-Lexicon-v1.txt); non-commercial research use,2026-09-27
F067,training,665_batch_2,loud_honest,no,yes,,0.781,glad,joy,34,7038e3ba88bfa6e796151aaacf188e23b6b4f0a1a7ff2e71538b2a54315f13bc,https://raw.githubusercontent.com/di-dimitrov/SEMEVAL-2021-task6-corpus/796b32fa76b7a5814a48d1870d163058e81e4ce1/data/training_set_task1.txt,"Dimitrov et al. (2021), SemEval-2021 Task 6",Free for general research use (task repository),NRC Emotion Intensity Lexicon v1 (NRC-Emotion-Intensity-Lexicon/NRC-Emotion-Intensity-Lexicon-v1.txt); non-commercial research use,2026-09-27
F068,training,74_batch_2,loud_honest,no,yes,,0.875,enthusiastic,joy,8,31f55c049538a0fe99d10b075cfc2aec8fc70d81f2517ce4e88480e51722ad0d,https://raw.githubusercontent.com/di-dimitrov/SEMEVAL-2021-task6-corpus/796b32fa76b7a5814a48d1870d163058e81e4ce1/data/training_set_task1.txt,"Dimitrov et al. (2021), SemEval-2021 Task 6",Free for general research use (task repository),NRC Emotion Intensity Lexicon v1 (NRC-Emotion-Intensity-Lexicon/NRC-Emotion-Intensity-Lexicon-v1.txt); non-commercial research use,2026-09-27
F069,dev,52_batch_2,loud_honest,no,yes,,0.761,positive,joy,12,07949df7ca18e19705d48482458ed6ea01cee17008c4ddfbb6baea5f0afcc6fa,https://raw.githubusercontent.com/di-dimitrov/SEMEVAL-2021-task6-corpus/796b32fa76b7a5814a48d1870d163058e81e4ce1/data/dev_set_task1.txt,"Dimitrov et al. (2021), SemEval-2021 Task 6",Free for general research use (task repository),NRC Emotion Intensity Lexicon v1 (NRC-Emotion-Intensity-Lexicon/NRC-Emotion-Intensity-Lexicon-v1.txt); non-commercial research use,2026-09-27
F070,dev,95_batch_2,loud_honest,no,yes,,0.75,cry,sadness,5,b52f5e8979840fb3ffa6bb5c59904b054b7c99d8e20ddcad0100118efa577270,https://raw.githubusercontent.com/di-dimitrov/SEMEVAL-2021-task6-corpus/796b32fa76b7a5814a48d1870d163058e81e4ce1/data/dev_set_task1.txt,"Dimitrov et al. (2021), SemEval-2021 Task 6",Free for general research use (task repository),NRC Emotion Intensity Lexicon v1 (NRC-Emotion-Intensity-Lexicon/NRC-Emotion-Intensity-Lexicon-v1.txt); non-commercial research use,2026-09-27
F071,test,751_batch_2,loud_honest,no,yes,,0.788,happy,joy,14,c504b416169dfb3b58c9e394c6c668a4c8ba0a07c480bc07af97b4cfa7cc1e8d,https://raw.githubusercontent.com/di-dimitrov/SEMEVAL-2021-task6-corpus/796b32fa76b7a5814a48d1870d163058e81e4ce1/data/test_set_task1.txt,"Dimitrov et al. (2021), SemEval-2021 Task 6",Free for general research use (task repository),NRC Emotion Intensity Lexicon v1 (NRC-Emotion-Intensity-Lexicon/NRC-Emotion-Intensity-Lexicon-v1.txt); non-commercial research use,2026-09-27
F072,test,794_batch_2,loud_honest,no,yes,,0.942,war,fear,5,9e40e5b0f7a50655672567e76f45d014cffdfba614dcd1be89934ff2dd24d0a2,https://raw.githubusercontent.com/di-dimitrov/SEMEVAL-2021-task6-corpus/796b32fa76b7a5814a48d1870d163058e81e4ce1/data/test_set_task1.txt,"Dimitrov et al. (2021), SemEval-2021 Task 6",Free for general research use (task repository),NRC Emotion Intensity Lexicon v1 (NRC-Emotion-Intensity-Lexicon/NRC-Emotion-Intensity-Lexicon-v1.txt); non-commercial research use,2026-09-27
F073,test,872_batch_2,loud_honest,no,yes,,0.75,pandemic,sadness,7,6f66b62f586d43f75b9d18a4607b1fe18903897b51751127e00a2e6e06b18357,https://raw.githubusercontent.com/di-dimitrov/SEMEVAL-2021-task6-corpus/796b32fa76b7a5814a48d1870d163058e81e4ce1/data/test_set_task1.txt,"Dimitrov et al. (2021), SemEval-2021 Task 6",Free for general research use (task repository),NRC Emotion Intensity Lexicon v1 (NRC-Emotion-Intensity-Lexicon/NRC-Emotion-Intensity-Lexicon-v1.txt); non-commercial research use,2026-09-27
F074,test,981_batch_2,loud_honest,no,yes,,0.765,party,joy,8,7d9c4652424eb77acd9f27a089d62512e768005ad761091662216c31c8df648c,https://raw.githubusercontent.com/di-dimitrov/SEMEVAL-2021-task6-corpus/796b32fa76b7a5814a48d1870d163058e81e4ce1/data/test_set_task1.txt,"Dimitrov et al. (2021), SemEval-2021 Task 6",Free for general research use (task repository),NRC Emotion Intensity Lexicon v1 (NRC-Emotion-Intensity-Lexicon/NRC-Emotion-Intensity-Lexicon-v1.txt); non-commercial research use,2026-09-27
F075,training,300_batch_2,loud_manipulative,yes,yes,Appeal to authority; Appeal to fear/prejudice; Loaded Language; Name calling/Labeling,0.844,violent,anger,25,511abe8ad810915cc059ea61cac3809354fff5b8fb6abeb1a5dbb31cf11940d5,https://raw.githubusercontent.com/di-dimitrov/SEMEVAL-2021-task6-corpus/796b32fa76b7a5814a48d1870d163058e81e4ce1/data/training_set_task1.txt,"Dimitrov et al. (2021), SemEval-2021 Task 6",Free for general research use (task repository),NRC Emotion Intensity Lexicon v1 (NRC-Emotion-Intensity-Lexicon/NRC-Emotion-Intensity-Lexicon-v1.txt); non-commercial research use,2026-09-27
F076,training,12,loud_manipulative,yes,yes,Loaded Language; Name calling/Labeling,0.803,bitch,anger,5,eaa2260eef8760286c923d91dbd9258a487d864c7622d1000fef1e749718fdcc,https://raw.githubusercontent.com/di-dimitrov/SEMEVAL-2021-task6-corpus/796b32fa76b7a5814a48d1870d163058e81e4ce1/data/training_set_task1.txt,"Dimitrov et al. (2021), SemEval-2021 Task 6",Free for general research use (task repository),NRC Emotion Intensity Lexicon v1 (NRC-Emotion-Intensity-Lexicon/NRC-Emotion-Intensity-Lexicon-v1.txt); non-commercial research use,2026-09-27
F077,training,123_batch_2,loud_manipulative,yes,yes,Exaggeration/Minimisation; Loaded Language; Name calling/Labeling; Slogans; Smears,0.844,truth,trust,30,c2ee0d683cd831837940f75b92913826abafdedd8745e5b8d360858c6da7aa41,https://raw.githubusercontent.com/di-dimitrov/SEMEVAL-2021-task6-corpus/796b32fa76b7a5814a48d1870d163058e81e4ce1/data/training_set_task1.txt,"Dimitrov et al. (2021), SemEval-2021 Task 6",Free for general research use (task repository),NRC Emotion Intensity Lexicon v1 (NRC-Emotion-Intensity-Lexicon/NRC-Emotion-Intensity-Lexicon-v1.txt); non-commercial research use,2026-09-27
F078,training,21,loud_manipulative,yes,yes,Doubt; Loaded Language,0.828,hate,anger,8,977d4502aa85ed227952a124db9c26850cb807b03d54e47b75a69babbcc70a1a,https://raw.githubusercontent.com/di-dimitrov/SEMEVAL-2021-task6-corpus/796b32fa76b7a5814a48d1870d163058e81e4ce1/data/training_set_task1.txt,"Dimitrov et al. (2021), SemEval-2021 Task 6",Free for general research use (task repository),NRC Emotion Intensity Lexicon v1 (NRC-Emotion-Intensity-Lexicon/NRC-Emotion-Intensity-Lexicon-v1.txt); non-commercial research use,2026-09-27
F079,training,91,loud_manipulative,yes,yes,Appeal to authority; Exaggeration/Minimisation; Smears,0.86,hell,fear,21,880be811e27d048335eb4ccc54db24ce9ac84c0b9a10666c2e8b645f693196a3,https://raw.githubusercontent.com/di-dimitrov/SEMEVAL-2021-task6-corpus/796b32fa76b7a5814a48d1870d163058e81e4ce1/data/training_set_task1.txt,"Dimitrov et al. (2021), SemEval-2021 Task 6",Free for general research use (task repository),NRC Emotion Intensity Lexicon v1 (NRC-Emotion-Intensity-Lexicon/NRC-Emotion-Intensity-Lexicon-v1.txt); non-commercial research use,2026-09-27
F080,training,633_batch_2,loud_manipulative,yes,yes,Loaded Language; Name calling/Labeling,0.844,honest,trust,18,9a71856654e4a569084a93d42c3cf84ae4c061c3f1114979041f5c6861a4c02e,https://raw.githubusercontent.com/di-dimitrov/SEMEVAL-2021-task6-corpus/796b32fa76b7a5814a48d1870d163058e81e4ce1/data/training_set_task1.txt,"Dimitrov et al. (2021), SemEval-2021 Task 6",Free for general research use (task repository),NRC Emotion Intensity Lexicon v1 (NRC-Emotion-Intensity-Lexicon/NRC-Emotion-Intensity-Lexicon-v1.txt); non-commercial research use,2026-09-27
F081,training,131,loud_manipulative,yes,yes,Loaded Language; Name calling/Labeling; Smears; Whataboutism,0.833,evil,fear,21,0739cbc688e04c086455285b7d4884318c603cc53669169ee155edcc5f83c7a7,https://raw.githubusercontent.com/di-dimitrov/SEMEVAL-2021-task6-corpus/796b32fa76b7a5814a48d1870d163058e81e4ce1/data/training_set_task1.txt,"Dimitrov et al. (2021), SemEval-2021 Task 6",Free for general research use (task repository),NRC Emotion Intensity Lexicon v1 (NRC-Emotion-Intensity-Lexicon/NRC-Emotion-Intensity-Lexicon-v1.txt); non-commercial research use,2026-09-27
F082,training,125,loud_manipulative,yes,yes,Loaded Language; Name calling/Labeling,0.972,terrorist,fear,6,8656519adf3c1ae3a62b266f5cf44ef1172b6c001346e4af24582015eccd4b6a,https://raw.githubusercontent.com/di-dimitrov/SEMEVAL-2021-task6-corpus/796b32fa76b7a5814a48d1870d163058e81e4ce1/data/training_set_task1.txt,"Dimitrov et al. (2021), SemEval-2021 Task 6",Free for general research use (task repository),NRC Emotion Intensity Lexicon v1 (NRC-Emotion-Intensity-Lexicon/NRC-Emotion-Intensity-Lexicon-v1.txt); non-commercial research use,2026-09-27
F083,training,88_batch_2,loud_manipulative,yes,yes,Causal Oversimplification; Loaded Language,0.942,war,fear,20,edef7dbecbabbe94de8de31c56d2575049a440b24f65a1123fd381870abe8c43,https://raw.githubusercontent.com/di-dimitrov/SEMEVAL-2021-task6-corpus/796b32fa76b7a5814a48d1870d163058e81e4ce1/data/training_set_task1.txt,"Dimitrov et al. (2021), SemEval-2021 Task 6",Free for general research use (task repository),NRC Emotion Intensity Lexicon v1 (NRC-Emotion-Intensity-Lexicon/NRC-Emotion-Intensity-Lexicon-v1.txt); non-commercial research use,2026-09-27
F084,training,573_batch_2,loud_manipulative,yes,yes,Loaded Language; Name calling/Labeling; Smears; Thought-terminating cliché,0.828,devil,fear,51,c9299de18026f2914411b0426580ead65d8a7e54ba875f979e3bec7cf2d6d36d,https://raw.githubusercontent.com/di-dimitrov/SEMEVAL-2021-task6-corpus/796b32fa76b7a5814a48d1870d163058e81e4ce1/data/training_set_task1.txt,"Dimitrov et al. (2021), SemEval-2021 Task 6",Free for general research use (task repository),NRC Emotion Intensity Lexicon v1 (NRC-Emotion-Intensity-Lexicon/NRC-Emotion-Intensity-Lexicon-v1.txt); non-commercial research use,2026-09-27
F085,training,146,loud_manipulative,yes,yes,Causal Oversimplification; Loaded Language; Name calling/Labeling,0.828,hate,anger,10,b6949420a87daf32e2a6bddb994eedd795217eee42aaba8a2874058e8df32131,https://raw.githubusercontent.com/di-dimitrov/SEMEVAL-2021-task6-corpus/796b32fa76b7a5814a48d1870d163058e81e4ce1/data/training_set_task1.txt,"Dimitrov et al. (2021), SemEval-2021 Task 6",Free for general research use (task repository),NRC Emotion Intensity Lexicon v1 (NRC-Emotion-Intensity-Lexicon/NRC-Emotion-Intensity-Lexicon-v1.txt); non-commercial research use,2026-09-27
F086,training,572_batch_2,loud_manipulative,yes,yes,Loaded Language,0.82,shit,disgust,12,647bb7bac5a0fbceca8a3e94d0eda0ff7609648bc9fd5d98d23990d61ddb2d13,https://raw.githubusercontent.com/di-dimitrov/SEMEVAL-2021-task6-corpus/796b32fa76b7a5814a48d1870d163058e81e4ce1/data/training_set_task1.txt,"Dimitrov et al. (2021), SemEval-2021 Task 6",Free for general research use (task repository),NRC Emotion Intensity Lexicon v1 (NRC-Emotion-Intensity-Lexicon/NRC-Emotion-Intensity-Lexicon-v1.txt); non-commercial research use,2026-09-27
F087,training,989_batch_2,loud_manipulative,yes,yes,Loaded Language; Name calling/Labeling,0.953,murderer,fear,30,d72bc8a8d1dc7dc83604ee0eec5748339a65a2fe83c3b021f0d0828799f854de,https://raw.githubusercontent.com/di-dimitrov/SEMEVAL-2021-task6-corpus/796b32fa76b7a5814a48d1870d163058e81e4ce1/data/training_set_task1.txt,"Dimitrov et al. (2021), SemEval-2021 Task 6",Free for general research use (task repository),NRC Emotion Intensity Lexicon v1 (NRC-Emotion-Intensity-Lexicon/NRC-Emotion-Intensity-Lexicon-v1.txt); non-commercial research use,2026-09-27
F088,test,804_batch_2,loud_manipulative,yes,yes,Loaded Language; Name calling/Labeling,0.812,enjoy,joy,5,a6fc7342a3462e85e99ccf356fabc4dbb9fdce2714d21c9c416766728b05d5d1,https://raw.githubusercontent.com/di-dimitrov/SEMEVAL-2021-task6-corpus/796b32fa76b7a5814a48d1870d163058e81e4ce1/data/test_set_task1.txt,"Dimitrov et al. (2021), SemEval-2021 Task 6",Free for general research use (task repository),NRC Emotion Intensity Lexicon v1 (NRC-Emotion-Intensity-Lexicon/NRC-Emotion-Intensity-Lexicon-v1.txt); non-commercial research use,2026-09-27
F089,test,974_batch_2,loud_manipulative,yes,yes,Glittering generalities (Virtue); Loaded Language; Smears,0.773,cheered,joy,48,40c2448454728a5eb29d2002d5dceef1b2607c390db4b55b86c1e762d3826870,https://raw.githubusercontent.com/di-dimitrov/SEMEVAL-2021-task6-corpus/796b32fa76b7a5814a48d1870d163058e81e4ce1/data/test_set_task1.txt,"Dimitrov et al. (2021), SemEval-2021 Task 6",Free for general research use (task repository),NRC Emotion Intensity Lexicon v1 (NRC-Emotion-Intensity-Lexicon/NRC-Emotion-Intensity-Lexicon-v1.txt); non-commercial research use,2026-09-27
F090,dev,142_batch_2,loud_manipulative,yes,yes,Loaded Language; Name calling/Labeling,0.833,evil,fear,29,db4b5e7ad29ffd9b143bf8346b4fccb823a66a02e09fbf325f845c3eace85071,https://raw.githubusercontent.com/di-dimitrov/SEMEVAL-2021-task6-corpus/796b32fa76b7a5814a48d1870d163058e81e4ce1/data/dev_set_task1.txt,"Dimitrov et al. (2021), SemEval-2021 Task 6",Free for general research use (task repository),NRC Emotion Intensity Lexicon v1 (NRC-Emotion-Intensity-Lexicon/NRC-Emotion-Intensity-Lexicon-v1.txt); non-commercial research use,2026-09-27
F091,training,400_batch_2,loud_manipulative,yes,yes,Loaded Language,0.915,death,sadness,12,93e74f3493bc67507d0e7df4f7488ba4c0dd6fb64465c89a7a40b7d919bb4f4a,https://raw.githubusercontent.com/di-dimitrov/SEMEVAL-2021-task6-corpus/796b32fa76b7a5814a48d1870d163058e81e4ce1/data/training_set_task1.txt,"Dimitrov et al. (2021), SemEval-2021 Task 6",Free for general research use (task repository),NRC Emotion Intensity Lexicon v1 (NRC-Emotion-Intensity-Lexicon/NRC-Emotion-Intensity-Lexicon-v1.txt); non-commercial research use,2026-09-27
F092,training,139,loud_manipulative,yes,yes,Flag-waving; Loaded Language; Name calling/Labeling; Reductio ad hitlerum; Slogans; Smears,0.972,terrorist,fear,26,b120c9f5c5bb142f7854222fa93fadf2a77a19334ca58ac7cfd96de0478a00f2,https://raw.githubusercontent.com/di-dimitrov/SEMEVAL-2021-task6-corpus/796b32fa76b7a5814a48d1870d163058e81e4ce1/data/training_set_task1.txt,"Dimitrov et al. (2021), SemEval-2021 Task 6",Free for general research use (task repository),NRC Emotion Intensity Lexicon v1 (NRC-Emotion-Intensity-Lexicon/NRC-Emotion-Intensity-Lexicon-v1.txt); non-commercial research use,2026-09-27
F093,training,233_batch_2,loud_manipulative,yes,yes,Loaded Language,0.82,shit,disgust,14,65740934ada0747aa8010223d066aa263ceed297d1a8a6f5d4710f7dd41208ff,https://raw.githubusercontent.com/di-dimitrov/SEMEVAL-2021-task6-corpus/796b32fa76b7a5814a48d1870d163058e81e4ce1/data/training_set_task1.txt,"Dimitrov et al. (2021), SemEval-2021 Task 6",Free for general research use (task repository),NRC Emotion Intensity Lexicon v1 (NRC-Emotion-Intensity-Lexicon/NRC-Emotion-Intensity-Lexicon-v1.txt); non-commercial research use,2026-09-27
F094,training,578_batch_2,loud_manipulative,yes,yes,Loaded Language; Name calling/Labeling; Slogans,0.75,pandemic,sadness,19,69124e44deffa97a1091ea154cc8cb97ddd0aa0f182b97f9274ecc8dce5820ee,https://raw.githubusercontent.com/di-dimitrov/SEMEVAL-2021-task6-corpus/796b32fa76b7a5814a48d1870d163058e81e4ce1/data/training_set_task1.txt,"Dimitrov et al. (2021), SemEval-2021 Task 6",Free for general research use (task repository),NRC Emotion Intensity Lexicon v1 (NRC-Emotion-Intensity-Lexicon/NRC-Emotion-Intensity-Lexicon-v1.txt); non-commercial research use,2026-09-27
F095,training,688_batch_2,loud_manipulative,yes,yes,Loaded Language; Reductio ad hitlerum,0.879,loving,joy,7,10ce81d7e1b04c8f96821fa21bccce17824ba6da9cd35dcb8ec69b68d720a404,https://raw.githubusercontent.com/di-dimitrov/SEMEVAL-2021-task6-corpus/796b32fa76b7a5814a48d1870d163058e81e4ce1/data/training_set_task1.txt,"Dimitrov et al. (2021), SemEval-2021 Task 6",Free for general research use (task repository),NRC Emotion Intensity Lexicon v1 (NRC-Emotion-Intensity-Lexicon/NRC-Emotion-Intensity-Lexicon-v1.txt); non-commercial research use,2026-09-27
F096,training,635_batch_2,loud_manipulative,yes,yes,Doubt; Loaded Language; Whataboutism,0.797,poison,fear,31,6396ac87da6b345abbc3482e51803c1bb40a21b1316496b6e905d4d98d59066d,https://raw.githubusercontent.com/di-dimitrov/SEMEVAL-2021-task6-corpus/796b32fa76b7a5814a48d1870d163058e81e4ce1/data/training_set_task1.txt,"Dimitrov et al. (2021), SemEval-2021 Task 6",Free for general research use (task repository),NRC Emotion Intensity Lexicon v1 (NRC-Emotion-Intensity-Lexicon/NRC-Emotion-Intensity-Lexicon-v1.txt); non-commercial research use,2026-09-27
F097,training,160_batch_2,loud_manipulative,yes,yes,Appeal to fear/prejudice; Causal Oversimplification; Misrepresentation of Someone's Position (Straw Man),0.807,hemorrhage,fear,17,b404c528635e8ad983caa551b3d9ad7b97ab7b96641b0e61f4cca1c77c7eb2cd,https://raw.githubusercontent.com/di-dimitrov/SEMEVAL-2021-task6-corpus/796b32fa76b7a5814a48d1870d163058e81e4ce1/data/training_set_task1.txt,"Dimitrov et al. (2021), SemEval-2021 Task 6",Free for general research use (task repository),NRC Emotion Intensity Lexicon v1 (NRC-Emotion-Intensity-Lexicon/NRC-Emotion-Intensity-Lexicon-v1.txt); non-commercial research use,2026-09-27
F098,training,113,loud_manipulative,yes,yes,Exaggeration/Minimisation; Loaded Language,0.844,truth,trust,7,ede27ca4ad8576c442447795ec72a573d34e1c6f0ca7f343d2db948aab3385c8,https://raw.githubusercontent.com/di-dimitrov/SEMEVAL-2021-task6-corpus/796b32fa76b7a5814a48d1870d163058e81e4ce1/data/training_set_task1.txt,"Dimitrov et al. (2021), SemEval-2021 Task 6",Free for general research use (task repository),NRC Emotion Intensity Lexicon v1 (NRC-Emotion-Intensity-Lexicon/NRC-Emotion-Intensity-Lexicon-v1.txt); non-commercial research use,2026-09-27
F099,training,622_batch_2,loud_manipulative,yes,yes,Exaggeration/Minimisation; Loaded Language; Whataboutism,0.773,die,sadness,26,88b3e36623c34c2522b98cf6c57420a1442c3ba859fe3687ac6c5555b51ad66e,https://raw.githubusercontent.com/di-dimitrov/SEMEVAL-2021-task6-corpus/796b32fa76b7a5814a48d1870d163058e81e4ce1/data/training_set_task1.txt,"Dimitrov et al. (2021), SemEval-2021 Task 6",Free for general research use (task repository),NRC Emotion Intensity Lexicon v1 (NRC-Emotion-Intensity-Lexicon/NRC-Emotion-Intensity-Lexicon-v1.txt); non-commercial research use,2026-09-27
