pair,side,subject,nasa_id,title,date_created,file,phash,sha256,source_url,file_url,author,licence,licence_url,access_date
P01,a,Vehicle Assembly Building,KSC-20170927-PH_KLS01_0002,Vehicle Assembly Building (VAB),2017-09-27,P01a_KSC-20170927-PH_KLS01_0002.jpg,ccc833b3cc4793b8,1d1532606dae808a59c0ad5cc97f0cc4bc7c25e69ea53375d208995403430798,https://images.nasa.gov/details/KSC-20170927-PH_KLS01_0002,https://images-assets.nasa.gov/image/KSC-20170927-PH_KLS01_0002/KSC-20170927-PH_KLS01_0002~large.jpg,NASA Kennedy Space Center; NASA/Kim Shiflett,"Public domain: NASA media, not subject to copyright in the United States",https://www.nasa.gov/nasa-brand-center/images-and-media/,2026-09-28
P01,b,Vehicle Assembly Building,KSC-20180620-PH_GEB01_0038,EGS Artist Photos - Vehicle Assembly Building,2018-06-20,P01b_KSC-20180620-PH_GEB01_0038.jpg,f234bc2b2be808fa,ef3d94db2b52123fa1dbdd59fc8f3e66b9535ff3f4da1832ece63ec647cae7d7,https://images.nasa.gov/details/KSC-20180620-PH_GEB01_0038,https://images-assets.nasa.gov/image/KSC-20180620-PH_GEB01_0038/KSC-20180620-PH_GEB01_0038~large.jpg,NASA Kennedy Space Center; NASA/Glenn Benson,"Public domain: NASA media, not subject to copyright in the United States",https://www.nasa.gov/nasa-brand-center/images-and-media/,2026-09-28
P02,a,Launch Complex 39A,KSC-20101018-PH-PR_LC39-165,KSC-20101018-PH-PR_LC39-165,2010-08-09,P02a_KSC-20101018-PH-PR_LC39-165.jpg,aad5c548f2db98a4,34c44b0107ed140d09db617aaa12a8a72c2c8ee1494524eb8f1f6beda19d659f,https://images.nasa.gov/details/KSC-20101018-PH-PR_LC39-165,https://images-assets.nasa.gov/image/KSC-20101018-PH-PR_LC39-165/KSC-20101018-PH-PR_LC39-165~orig.jpg,NASA Kennedy Space Center; ACI/Penny Rogo Bailes,"Public domain: NASA media, not subject to copyright in the United States",https://www.nasa.gov/nasa-brand-center/images-and-media/,2026-09-28
P02,b,Launch Complex 39A,KSC-20101018-PH-PR_LC39-164,KSC-20101018-PH-PR_LC39-164,2010-08-09,P02b_KSC-20101018-PH-PR_LC39-164.jpg,c7e61c45d79434a9,5a84ea522fd9fdfe32ecc845057370a681debd1c9deda4331036e19d3134c0da,https://images.nasa.gov/details/KSC-20101018-PH-PR_LC39-164,https://images-assets.nasa.gov/image/KSC-20101018-PH-PR_LC39-164/KSC-20101018-PH-PR_LC39-164~orig.jpg,NASA Kennedy Space Center; ACI/Penny Rogo Bailes,"Public domain: NASA media, not subject to copyright in the United States",https://www.nasa.gov/nasa-brand-center/images-and-media/,2026-09-28
P03,a,Launch Complex 39B,KSC-20220915-PH-JNP01_0003,Artemis I SLS at Launch Complex 39B,2022-09-15,P03a_KSC-20220915-PH-JNP01_0003.jpg,f8b0b90f4cf0a7c2,ae033d93583b845dc8d9a57f54423bf5e27f88b84c163d23d13cc5fd374054b7,https://images.nasa.gov/details/KSC-20220915-PH-JNP01_0003,https://images-assets.nasa.gov/image/KSC-20220915-PH-JNP01_0003/KSC-20220915-PH-JNP01_0003~large.jpg,NASA Kennedy Space Center; NASA/Jason Parrish,"Public domain: NASA media, not subject to copyright in the United States",https://www.nasa.gov/nasa-brand-center/images-and-media/,2026-09-28
P03,b,Launch Complex 39B,KSC-20220915-PH-JNP01_0002,Artemis I SLS at Launch Complex 39B,2022-09-15,P03b_KSC-20220915-PH-JNP01_0002.jpg,86f9a7dc19526c26,1becdd67557e45643af7e685b52cb40cc247f290cd38ea2fd6debcfd89c01051,https://images.nasa.gov/details/KSC-20220915-PH-JNP01_0002,https://images-assets.nasa.gov/image/KSC-20220915-PH-JNP01_0002/KSC-20220915-PH-JNP01_0002~large.jpg,NASA Kennedy Space Center; NASA/Jason Parrish,"Public domain: NASA media, not subject to copyright in the United States",https://www.nasa.gov/nasa-brand-center/images-and-media/,2026-09-28
P04,a,crawler-transporter,KSC-20160323-PH-KLS02_0007,Crawler Transporter 2 Trek,2016-03-23,P04a_KSC-20160323-PH-KLS02_0007.jpg,cfcbc3c3323c1c61,42a1328611d23c82598b2783ccd5b57b7096c66e459cac625516c60ec876bad8,https://images.nasa.gov/details/KSC-20160323-PH-KLS02_0007,https://images-assets.nasa.gov/image/KSC-20160323-PH-KLS02_0007/KSC-20160323-PH-KLS02_0007~large.jpg,NASA Kennedy Space Center; NASA/Kim Shiflett,"Public domain: NASA media, not subject to copyright in the United States",https://www.nasa.gov/nasa-brand-center/images-and-media/,2026-09-28
P04,b,crawler-transporter,KSC-20160323-PH-KLS02_0026,Crawler Transporter 2 Trek,2016-03-23,P04b_KSC-20160323-PH-KLS02_0026.jpg,f6418d7ed0817ed0,4b14b777bccde3c1a7a999c2bef5c3efd40e489c7b2dc1da0545f716f1d90452,https://images.nasa.gov/details/KSC-20160323-PH-KLS02_0026,https://images-assets.nasa.gov/image/KSC-20160323-PH-KLS02_0026/KSC-20160323-PH-KLS02_0026~large.jpg,NASA Kennedy Space Center; NASA/Kim Shiflett,"Public domain: NASA media, not subject to copyright in the United States",https://www.nasa.gov/nasa-brand-center/images-and-media/,2026-09-28
P05,a,Space Shuttle Atlantis,201211020033HQ,Space Shuttle Atlantis Move,2012-11-02,P05a_201211020033HQ.jpg,c9e99f3436026ce9,d60ab92545544ab89a9081aaeda99e6aada87f16c8bebb4a71a9868996ac6faf,https://images.nasa.gov/details/201211020033HQ,https://images-assets.nasa.gov/image/201211020033HQ/201211020033HQ~large.jpg,NASA NASA Headquarters; NASA/Bill Ingalls; (NASA/Bill Ingalls),"Public domain: NASA media, not subject to copyright in the United States",https://www.nasa.gov/nasa-brand-center/images-and-media/,2026-09-28
P05,b,Space Shuttle Atlantis,201211020030HQ,Space Shuttle Atlantis Move,2012-11-02,P05b_201211020030HQ.jpg,878638597fa78435,72b282418a5828b29d679ea892a455dae1d5328fbf3c09a07da5e9b046b4dc42,https://images.nasa.gov/details/201211020030HQ,https://images-assets.nasa.gov/image/201211020030HQ/201211020030HQ~large.jpg,NASA NASA Headquarters; NASA/Bill Ingalls; (NASA/Bill Ingalls),"Public domain: NASA media, not subject to copyright in the United States",https://www.nasa.gov/nasa-brand-center/images-and-media/,2026-09-28
P06,a,Space Shuttle Endeavour,201210120002HQ,Space Shuttle Endeavour Move,2012-10-12,P06a_201210120002HQ.jpg,ce5c7ba73508ea21,3d126de2d2382ba36503a32d3056112581ef04c33674e01bb96e6ca7b916fff9,https://images.nasa.gov/details/201210120002HQ,https://images-assets.nasa.gov/image/201210120002HQ/201210120002HQ~large.jpg,NASA NASA Headquarters; NASA/Bill Ingalls; (NASA/Bill Ingalls),"Public domain: NASA media, not subject to copyright in the United States",https://www.nasa.gov/nasa-brand-center/images-and-media/,2026-09-28
P06,b,Space Shuttle Endeavour,201210130001HQ,Space Shuttle Endeavour Move,2012-10-13,P06b_201210130001HQ.jpg,95a3ca5a154f6ab8,e963b531651beea4305851b6dda6c3f3eb0d4dfa1ee1ca66376a3bece14211cc,https://images.nasa.gov/details/201210130001HQ,https://images-assets.nasa.gov/image/201210130001HQ/201210130001HQ~large.jpg,NASA NASA Headquarters; NASA/Carla Cioffi; (NASA/Carla Cioffi),"Public domain: NASA media, not subject to copyright in the United States",https://www.nasa.gov/nasa-brand-center/images-and-media/,2026-09-28
P07,a,Orion spacecraft,GRC-2019-C-12257,Orion Spacecraft Arrives in Ohio Aboard the Super Guppy at Mansfield Lahm Airport,2019-11-25,P07a_GRC-2019-C-12257.jpg,f6fd0b20c71a34c3,4dd692538a9fb0c6d725e67264a42da7b14671167c83efc7eaec135e5decf38d,https://images.nasa.gov/details/GRC-2019-C-12257,https://images-assets.nasa.gov/image/GRC-2019-C-12257/GRC-2019-C-12257~large.jpg,NASA Glenn Research Center; NASA/GRC/Bridget Caswell,"Public domain: NASA media, not subject to copyright in the United States",https://www.nasa.gov/nasa-brand-center/images-and-media/,2026-09-28
P07,b,Orion spacecraft,art002e012489,NASA’s Orion Spacecraft,2026-04-07,P07b_art002e012489.jpg,f0f10ff83c9ce007,f1860fb0f7ede6da59d0270e50119cf2bfc47374cc93aeaae5111873a6f9e184,https://images.nasa.gov/details/art002e012489,https://images-assets.nasa.gov/image/art002e012489/art002e012489~large.jpg,NASA Johnson Space Center; NASA,"Public domain: NASA media, not subject to copyright in the United States",https://www.nasa.gov/nasa-brand-center/images-and-media/,2026-09-28
P08,a,Space Launch System rocket,MAF_20190917_ES Join at area 47_Jnl-0514,NASA joins last of five sections for Space Launch System Rocket stage,2019-09-17,P08a_MAF_20190917_ES_Join_at_area_47_Jnl-0514.jpg,fbb8841d07626e65,e867f945e005c6010591691b21c0f0c41cd8723a612ff8d38ceff60c9e52918d,https://images.nasa.gov/details/MAF_20190917_ES Join at area 47_Jnl-0514,https://images-assets.nasa.gov/image/MAF_20190917_ES Join at area 47_Jnl-0514/MAF_20190917_ES Join at area 47_Jnl-0514~large.jpg,NASA MAF; Jared Lyons,"Public domain: NASA media, not subject to copyright in the United States",https://www.nasa.gov/nasa-brand-center/images-and-media/,2026-09-28
P08,b,Space Launch System rocket,MAF_20190917_CS1 ES Join_EPB-212,NASA joins last of five sections for Space Launch System Rocket stage -2,2019-09-17,P08b_MAF_20190917_CS1_ES_Join_EPB-212.jpg,ae79c1269f0794e4,dd5a5227dd8ddd6de466de2963b073263cdf30f1290607bba7ca1de41b212e22,https://images.nasa.gov/details/MAF_20190917_CS1 ES Join_EPB-212,https://images-assets.nasa.gov/image/MAF_20190917_CS1 ES Join_EPB-212/MAF_20190917_CS1 ES Join_EPB-212~large.jpg,NASA MAF; Eric Bordelon,"Public domain: NASA media, not subject to copyright in the United States",https://www.nasa.gov/nasa-brand-center/images-and-media/,2026-09-28
P09,a,Hubble Space Telescope,PIA05982,Saturn from Far and Near Hubble Space Telescope,2004-05-26,P09a_PIA05982.jpg,99ca672b6e3464b2,45a833a3f606882c4f52baaa162709b9d4db8a15a60df4ca0297e4ac6910c991,https://images.nasa.gov/details/PIA05982,https://images-assets.nasa.gov/image/PIA05982/PIA05982~orig.jpg,"NASA JPL; NASA, ESA and Erich Karkoschka University of Arizona","Public domain: NASA media, not subject to copyright in the United States",https://www.nasa.gov/nasa-brand-center/images-and-media/,2026-09-28
P09,b,Hubble Space Telescope,PIA01267,Hubble Space Telescope Resolves Volcanoes on Io,1998-05-02,P09b_PIA01267.jpg,c21f19f296696936,600e7e12e578fcda861d09a7a61492f4df98c71e72ff70a82a55f5027ee14726,https://images.nasa.gov/details/PIA01267,https://images-assets.nasa.gov/image/PIA01267/PIA01267~orig.jpg,NASA JPL; JPL/NASA/STScI,"Public domain: NASA media, not subject to copyright in the United States",https://www.nasa.gov/nasa-brand-center/images-and-media/,2026-09-28
P10,a,International Space Station,200623_ISS_1,2020 International Space Station Configuration,2020-06-24,P10a_200623_ISS_1.jpg,bcc5413a6fe5941a,647d268f19cd247ec956a53c8f14c3b406253844f1ae98f1455898b9cd715e76,https://images.nasa.gov/details/200623_ISS_1,https://images-assets.nasa.gov/image/200623_ISS_1/200623_ISS_1~large.jpg,NASA Johnson Space Center,"Public domain: NASA media, not subject to copyright in the United States",https://www.nasa.gov/nasa-brand-center/images-and-media/,2026-09-28
P10,b,International Space Station,KSC-20171017-PH_ISS01_0001,Veg-03D Experiment Onboard the International Space Station,2017-10-17,P10b_KSC-20171017-PH_ISS01_0001.jpg,cacf5d1ef0d025e0,47118a5e0b53d81926da1cef26205c6c4b85f7cf4ad884a3d172b5e958f5740b,https://images.nasa.gov/details/KSC-20171017-PH_ISS01_0001,https://images-assets.nasa.gov/image/KSC-20171017-PH_ISS01_0001/KSC-20171017-PH_ISS01_0001~large.jpg,NASA Kennedy Space Center; NASA,"Public domain: NASA media, not subject to copyright in the United States",https://www.nasa.gov/nasa-brand-center/images-and-media/,2026-09-28
P11,a,Kennedy Space Center Visitor Complex,KSC-20161212-PH_KLS04_0087,Hidden Figures Tour Kennedy Space Center Visitor Complex,2016-12-12,P11a_KSC-20161212-PH_KLS04_0087.jpg,d76d2cc3b02b6392,87496d822c7b48d53673c537d28e3507753df404dff68ac05a29e48b9e9786c9,https://images.nasa.gov/details/KSC-20161212-PH_KLS04_0087,https://images-assets.nasa.gov/image/KSC-20161212-PH_KLS04_0087/KSC-20161212-PH_KLS04_0087~large.jpg,NASA Kennedy Space Center; NASA/Kim Shiflett,"Public domain: NASA media, not subject to copyright in the United States",https://www.nasa.gov/nasa-brand-center/images-and-media/,2026-09-28
P11,b,Kennedy Space Center Visitor Complex,KSC-20161212-PH_KLS04_0091,Hidden Figures Tour Kennedy Space Center Visitor Complex,2016-12-12,P11b_KSC-20161212-PH_KLS04_0091.jpg,e1726abcba0f01e6,29180fe45b7c4a7b1e4f64f432c7e7af51978e9cd47fbb484a77e8f603e2a7eb,https://images.nasa.gov/details/KSC-20161212-PH_KLS04_0091,https://images-assets.nasa.gov/image/KSC-20161212-PH_KLS04_0091/KSC-20161212-PH_KLS04_0091~large.jpg,NASA Kennedy Space Center; NASA/Kim Shiflett,"Public domain: NASA media, not subject to copyright in the United States",https://www.nasa.gov/nasa-brand-center/images-and-media/,2026-09-28
P12,a,Operations and Checkout Building,KSC-20130329-PH-PR_OC12,KSC-20130329-PH-PR_OC12,2012-05-01,P12a_KSC-20130329-PH-PR_OC12.jpg,b2c148f1e236b5e9,fa060ee1e5f7dfc797f2d383922de6d6bcb5627ad620c0f61167f3b7f53b453c,https://images.nasa.gov/details/KSC-20130329-PH-PR_OC12,https://images-assets.nasa.gov/image/KSC-20130329-PH-PR_OC12/KSC-20130329-PH-PR_OC12~orig.jpg,NASA Kennedy Space Center; ACI/Penny Rogo Bailes,"Public domain: NASA media, not subject to copyright in the United States",https://www.nasa.gov/nasa-brand-center/images-and-media/,2026-09-28
P12,b,Operations and Checkout Building,KSC-20130329-PH-PR_OC11,KSC-20130329-PH-PR_OC11,2012-05-01,P12b_KSC-20130329-PH-PR_OC11.jpg,a0d7db600e1d1b3d,b1b83749e0d7b067a7d1228227c3b7e5b411fcafe3a7b3f2377b59c8eb8d3536,https://images.nasa.gov/details/KSC-20130329-PH-PR_OC11,https://images-assets.nasa.gov/image/KSC-20130329-PH-PR_OC11/KSC-20130329-PH-PR_OC11~orig.jpg,NASA Kennedy Space Center; ACI/Penny Rogo Bailes,"Public domain: NASA media, not subject to copyright in the United States",https://www.nasa.gov/nasa-brand-center/images-and-media/,2026-09-28
P13,a,Mission Control,41g-90128,Wide angle view of the Flight control room of Mission control center,1984-10-06,P13a_41g-90128.jpg,851d318e99673ee1,8b2349ff5dcb8d82aa505f01447004a3aa74384e5a652932506336e80d9c0b3c,https://images.nasa.gov/details/41g-90128,https://images-assets.nasa.gov/image/41g-90128/41g-90128~large.jpg,NASA Johnson Space Center,"Public domain: NASA media, not subject to copyright in the United States",https://www.nasa.gov/nasa-brand-center/images-and-media/,2026-09-28
P13,b,Mission Control,41g-90111,Wide angle view of the Flight control room of Mission control center,1984-10-06,P13b_41g-90111.jpg,919ec9857a616c9b,1cd9f73745dc71df283af362bd94e43efe359639c6da8085ca3241f66856e2e8,https://images.nasa.gov/details/41g-90111,https://images-assets.nasa.gov/image/41g-90111/41g-90111~large.jpg,NASA Johnson Space Center,"Public domain: NASA media, not subject to copyright in the United States",https://www.nasa.gov/nasa-brand-center/images-and-media/,2026-09-28
P14,a,Saturn V,MAF_19671005-HAssembly,Saturn V Boosters in Production at Michoud Assembly Facility,1967-10-05,P14a_MAF_19671005-HAssembly.jpg,dd4f1699e3c0162e,e99679f8dc33dc09cc0dcfce4771160b67ea64e7c613e413ae1817a2f7ebc927,https://images.nasa.gov/details/MAF_19671005-HAssembly,https://images-assets.nasa.gov/image/MAF_19671005-HAssembly/MAF_19671005-HAssembly~large.jpg,NASA MAF; NASA,"Public domain: NASA media, not subject to copyright in the United States",https://www.nasa.gov/nasa-brand-center/images-and-media/,2026-09-28
P14,b,Saturn V,MAF_19671005_ViewtoWest,Saturn V Production at MIchoud Assembly Facility -1967,1967-10-05,P14b_MAF_19671005_ViewtoWest.jpg,c31b32e38c77690d,251557bc47ecb0a306fec1aa767b4a7331d70637f8c5cb15caa87ac8f418b75b,https://images.nasa.gov/details/MAF_19671005_ViewtoWest,https://images-assets.nasa.gov/image/MAF_19671005_ViewtoWest/MAF_19671005_ViewtoWest~large.jpg,NASA MAF; NASA,"Public domain: NASA media, not subject to copyright in the United States",https://www.nasa.gov/nasa-brand-center/images-and-media/,2026-09-28
P15,a,Neutral Buoyancy Laboratory,0700060,International Space Station (ISS),2006-10-25,P15a_0700060.jpg,9ae3c43e90ce36f0,f548d36ec49a62fa03d9661fc3c7959aef83adc9471b6e2300337c1e38252b66,https://images.nasa.gov/details/0700060,https://images-assets.nasa.gov/image/0700060/0700060~large.jpg,NASA Marshall Space Flight Center,"Public domain: NASA media, not subject to copyright in the United States",https://www.nasa.gov/nasa-brand-center/images-and-media/,2026-09-28
P15,b,Neutral Buoyancy Laboratory,jsc2008e045474,Expedition 18 Neutral Buoyancy Laboratory (NBL) Prep Pool Topside,2008-06-06,P15b_jsc2008e045474.jpg,a179d69c2c62cc6d,49a7c73079a7621d6dbdd987e427a6171fdcaafc2cdefb3738781fc57a3943e4,https://images.nasa.gov/details/jsc2008e045474,https://images-assets.nasa.gov/image/jsc2008e045474/jsc2008e045474~large.jpg,NASA Johnson Space Center,"Public domain: NASA media, not subject to copyright in the United States",https://www.nasa.gov/nasa-brand-center/images-and-media/,2026-09-28
P16,a,Pegasus barge,MAF_20180222_P_Intertank STA on Pegasus -381,Intertank STA on Pegasus Barge,2018-02-22,P16a_MAF_20180222_P_Intertank_STA_on_Pegasus_-381.jpg,9ba425db62c9564e,b2fa9d435139a08c08653ef28d3e68e752ed977973ed30b0913020cae824fe10,https://images.nasa.gov/details/MAF_20180222_P_Intertank STA on Pegasus -381,https://images-assets.nasa.gov/image/MAF_20180222_P_Intertank STA on Pegasus -381/MAF_20180222_P_Intertank STA on Pegasus -381~large.jpg,NASA MAF; Jude Guidry,"Public domain: NASA media, not subject to copyright in the United States",https://www.nasa.gov/nasa-brand-center/images-and-media/,2026-09-28
P16,b,Pegasus barge,MAF_20180222_P_Intertank STA on Pegasus -370,Intertank STA on Pegasus Barge,2018-02-22,P16b_MAF_20180222_P_Intertank_STA_on_Pegasus_-370.jpg,f8d14365fa12f906,54b5322e79af05f8aca9f6e998d9df334e12421afa088b82e8cc0d2a9b712fb7,https://images.nasa.gov/details/MAF_20180222_P_Intertank STA on Pegasus -370,https://images-assets.nasa.gov/image/MAF_20180222_P_Intertank STA on Pegasus -370/MAF_20180222_P_Intertank STA on Pegasus -370~large.jpg,NASA MAF; Jude Guidry,"Public domain: NASA media, not subject to copyright in the United States",https://www.nasa.gov/nasa-brand-center/images-and-media/,2026-09-28
P17,a,Shuttle Landing Facility,KSC-20170823-PH_SWW01_0168,Sonic Booms in Atmospheric Turbulence (SonicBAT) Testing,2017-08-23,P17a_KSC-20170823-PH_SWW01_0168.jpg,e1a41e3f38f05c99,bfc95f89ee86a020b3edf87baa20fa48ca74c0724a6e8d0e99fbd5f801c1d08e,https://images.nasa.gov/details/KSC-20170823-PH_SWW01_0168,https://images-assets.nasa.gov/image/KSC-20170823-PH_SWW01_0168/KSC-20170823-PH_SWW01_0168~large.jpg,NASA Kennedy Space Center; NASA/Bill White,"Public domain: NASA media, not subject to copyright in the United States",https://www.nasa.gov/nasa-brand-center/images-and-media/,2026-09-28
P17,b,Shuttle Landing Facility,KSC-20170823-PH_SWW01_0164,Sonic Booms in Atmospheric Turbulence (SonicBAT) Testing,2017-08-23,P17b_KSC-20170823-PH_SWW01_0164.jpg,93e60c59a3e65ce1,9ea2b28483589be8cfd8ad83b920ed9cad74fdeb70933fe2888024ed4c72789d,https://images.nasa.gov/details/KSC-20170823-PH_SWW01_0164,https://images-assets.nasa.gov/image/KSC-20170823-PH_SWW01_0164/KSC-20170823-PH_SWW01_0164~large.jpg,NASA Kennedy Space Center; NASA/Bill White,"Public domain: NASA media, not subject to copyright in the United States",https://www.nasa.gov/nasa-brand-center/images-and-media/,2026-09-28
P18,a,mobile launcher,KSC-20170530-PH_KLS01_0002,Mobile Launcher,2017-05-30,P18a_KSC-20170530-PH_KLS01_0002.jpg,b3aed84986a378a3,9afb3b8e5dd36c83cf162a86fb39d7970bfd0bf0c29e75849481ad7b19f125a8,https://images.nasa.gov/details/KSC-20170530-PH_KLS01_0002,https://images-assets.nasa.gov/image/KSC-20170530-PH_KLS01_0002/KSC-20170530-PH_KLS01_0002~large.jpg,NASA Kennedy Space Center; NASA/Kim Shiflett,"Public domain: NASA media, not subject to copyright in the United States",https://www.nasa.gov/nasa-brand-center/images-and-media/,2026-09-28
P18,b,mobile launcher,KSC-20170314-PH_CSH01_0002,Long Exposure Photos of Mobile Launcher,2017-03-14,P18b_KSC-20170314-PH_CSH01_0002.jpg,a692397c0e7cc6aa,fcb264fd95418dc0b2068f89dfe40fbbe46580430abf36fecd482d9958a4cc29,https://images.nasa.gov/details/KSC-20170314-PH_CSH01_0002,https://images-assets.nasa.gov/image/KSC-20170314-PH_CSH01_0002/KSC-20170314-PH_CSH01_0002~large.jpg,NASA Kennedy Space Center; NASA/Cory Huston,"Public domain: NASA media, not subject to copyright in the United States",https://www.nasa.gov/nasa-brand-center/images-and-media/,2026-09-28
P19,a,Space Station Processing Facility,KSC-20191119-PH-FMX01_0004,Sierra Nevada Media Day,2019-11-19,P19a_KSC-20191119-PH-FMX01_0004.jpg,e99dc1ecc2c1d2e1,061e10ff86bf1f4bf007fd90f7711c2a269a46ec1ecc68da0944fef541e39015,https://images.nasa.gov/details/KSC-20191119-PH-FMX01_0004,https://images-assets.nasa.gov/image/KSC-20191119-PH-FMX01_0004/KSC-20191119-PH-FMX01_0004~large.jpg,NASA Kennedy Space Center; NASA/Frank Michaux,"Public domain: NASA media, not subject to copyright in the United States",https://www.nasa.gov/nasa-brand-center/images-and-media/,2026-09-28
P19,b,Space Station Processing Facility,KSC-20191119-PH-FMX01_0048,Sierra Nevada Media Day,2019-11-19,P19b_KSC-20191119-PH-FMX01_0048.jpg,f90c996616e316ce,4a8c50d820bed55509ffe26893ab510d2ea8dd743c66bafd2c8e8486b546f872,https://images.nasa.gov/details/KSC-20191119-PH-FMX01_0048,https://images-assets.nasa.gov/image/KSC-20191119-PH-FMX01_0048/KSC-20191119-PH-FMX01_0048~large.jpg,NASA Kennedy Space Center; NASA/Frank Michaux,"Public domain: NASA media, not subject to copyright in the United States",https://www.nasa.gov/nasa-brand-center/images-and-media/,2026-09-28
P20,a,SOFIA aircraft,ED08-0015-46,"An aircraft tug tows NASA's SOFIA infrared observatory 747SP into Hangar 703 upon arrival at its base, the Dryden Aircraft Operations Facility in Palmdale, CA.",2008-01-15,P20a_ED08-0015-46.jpg,fbe2809d3d356468,0aa2fe198155949e2c21287e6823273f9292fb1ec202802544cdfd665df8aab9,https://images.nasa.gov/details/ED08-0015-46,https://images-assets.nasa.gov/image/ED08-0015-46/ED08-0015-46~large.jpg,NASA Armstrong Flight Research Center; NASA/Tony Landis,"Public domain: NASA media, not subject to copyright in the United States",https://www.nasa.gov/nasa-brand-center/images-and-media/,2026-09-28
P20,b,SOFIA aircraft,ED08-0015-22,"NASA's SOFIA flying infrared observatory banks over the Dryden Aircraft Operations Facility upon arrival at its new base of operations on Jan. 15, 2008.",2008-01-15,P20b_ED08-0015-22.jpg,a4869b1b5d1c45be,1043a7b812dd500c96092aab1482293105247a9d7661a0e57bad5f57c53086b3,https://images.nasa.gov/details/ED08-0015-22,https://images-assets.nasa.gov/image/ED08-0015-22/ED08-0015-22~large.jpg,NASA Armstrong Flight Research Center; NASA/Jim Ross,"Public domain: NASA media, not subject to copyright in the United States",https://www.nasa.gov/nasa-brand-center/images-and-media/,2026-09-28
